Date,BTC,ETH,SOL
2023-01-31,0.3333333333333333,0.3333333333333333,0.3333333333333333
2023-02-01,0.3333333333333333,0.3333333333333333,0.3333333333333333
2023-02-02,0.3333333333333333,0.3333333333333333,0.3333333333333333
2023-02-03,0.3333333333333333,0.3333333333333333,0.3333333333333333
2023-02-04,0.3333333333333333,0.3333333333333333,0.3333333333333333
2023-02-05,0.3333333333333333,0.3333333333333333,0.3333333333333333
2023-02-06,0.3333333333333333,0.3333333333333333,0.3333333333333333
2023-02-07,0.3333333333333333,0.3333333333333333,0.3333333333333333
2023-02-08,0.3333333333333333,0.3333333333333333,0.3333333333333333
2023-02-09,0.3333333333333333,0.3333333333333333,0.3333333333333333
2023-02-10,0.3333333333333333,0.3333333333333333,0.3333333333333333
2023-02-11,0.3333333333333333,0.3333333333333333,0.3333333333333333
2023-02-12,0.3333333333333333,0.3333333333333333,0.3333333333333333
2023-02-13,0.3333333333333333,0.3333333333333333,0.3333333333333333
2023-02-14,0.3333333333333333,0.3333333333333333,0.3333333333333333
2023-02-15,0.3333333333333333,0.3333333333333333,0.3333333333333333
2023-02-16,0.3333333333333333,0.3333333333333333,0.3333333333333333
2023-02-17,0.3333333333333333,0.3333333333333333,0.3333333333333333
2023-02-18,0.3333333333333333,0.3333333333333333,0.3333333333333333
2023-02-19,0.3333333333333333,0.3333333333333333,0.3333333333333333
2023-02-20,0.3333333333333333,0.3333333333333333,0.3333333333333333
2023-02-21,0.3333333333333333,0.3333333333333333,0.3333333333333333
2023-02-22,0.3333333333333333,0.3333333333333333,0.3333333333333333
2023-02-23,0.3333333333333333,0.3333333333333333,0.3333333333333333
2023-02-24,0.3333333333333333,0.3333333333333333,0.3333333333333333
2023-02-25,0.3333333333333333,0.3333333333333333,0.3333333333333333
2023-02-26,0.3333333333333333,0.3333333333333333,0.3333333333333333
2023-02-27,0.3333333333333333,0.3333333333333333,0.3333333333333333
2023-02-28,0.3333333333333333,0.3333333333333333,0.3333333333333333
2023-03-01,0.3333333333333333,0.3333333333333333,0.3333333333333333
2023-03-02,0.3333333333333333,0.3333333333333333,0.3333333333333333
2023-03-03,0.3333333333333333,0.3333333333333333,0.3333333333333333
2023-03-04,0.3333333333333333,0.3333333333333333,0.3333333333333333
2023-03-05,0.3333333333333333,0.3333333333333333,0.3333333333333333
2023-03-06,0.3333333333333333,0.3333333333333333,0.3333333333333333
2023-03-07,0.3333333333333333,0.3333333333333333,0.3333333333333333
2023-03-08,0.3333333333333333,0.3333333333333333,0.3333333333333333
2023-03-09,0.3333333333333333,0.3333333333333333,0.3333333333333333
2023-03-10,0.3333333333333333,0.3333333333333333,0.3333333333333333
2023-03-11,0.3333333333333333,0.3333333333333333,0.3333333333333333
2023-03-12,0.3333333333333333,0.3333333333333333,0.3333333333333333
2023-03-13,0.3333333333333333,0.3333333333333333,0.3333333333333333
2023-03-14,0.3333333333333333,0.3333333333333333,0.3333333333333333
2023-03-15,0.3333333333333333,0.3333333333333333,0.3333333333333333
2023-03-16,0.3333333333333333,0.3333333333333333,0.3333333333333333
2023-03-17,0.3333333333333333,0.3333333333333333,0.3333333333333333
2023-03-18,0.3333333333333333,0.3333333333333333,0.3333333333333333
2023-03-19,0.3333333333333333,0.3333333333333333,0.3333333333333333
2023-03-20,0.3333333333333333,0.3333333333333333,0.3333333333333333
2023-03-21,0.3333333333333333,0.3333333333333333,0.3333333333333333
2023-03-22,0.3333333333333333,0.3333333333333333,0.3333333333333333
2023-03-23,0.3333333333333333,0.3333333333333333,0.3333333333333333
2023-03-24,0.3333333333333333,0.3333333333333333,0.3333333333333333
2023-03-25,0.3333333333333333,0.3333333333333333,0.3333333333333333
2023-03-26,0.3333333333333333,0.3333333333333333,0.3333333333333333
2023-03-27,0.3333333333333333,0.3333333333333333,0.3333333333333333
2023-03-28,0.3333333333333333,0.3333333333333333,0.3333333333333333
2023-03-29,0.3333333333333333,0.3333333333333333,0.3333333333333333
2023-03-30,0.3333333333333333,0.3333333333333333,0.3333333333333333
2023-03-31,0.3333333333333333,0.3333333333333333,0.3333333333333333
2023-04-01,0.27955633221289106,0.7204436677871089,0.0
2023-04-02,0.2797022161803819,0.7202977838196181,0.0
2023-04-03,0.25708646468253477,0.7429135353174652,0.0
2023-04-04,0.2561014108823574,0.7438985891176426,0.0
2023-04-05,0.29661611370119817,0.7033838862988018,0.0
2023-04-06,0.3205654979270309,0.6794345020729692,0.0
2023-04-07,0.33321560198423067,0.6667843980157694,0.0
2023-04-08,0.3325805257950982,0.6674194742049018,0.0
2023-04-09,0.31363122589462894,0.686368774105371,0.0
2023-04-10,0.3147568092810836,0.6852431907189164,0.0
2023-04-11,0.21010666419910373,0.7898933358008963,0.0
2023-04-12,0.23246154186813692,0.7675384581318629,0.0
2023-04-13,0.23005710252732664,0.7699428974726733,0.0
2023-04-14,0.31738819160300286,0.6826118083969972,0.0
2023-04-15,0.38547204032672144,0.6145279596732786,0.0
2023-04-16,0.3669508496999607,0.6330491503000392,0.0
2023-04-17,0.44439890303433716,0.5556010969656628,0.0
2023-04-18,0.4399617219113012,0.5600382780886988,0.0
2023-04-19,0.4299301469085451,0.5700698530914549,0.0
2023-04-20,0.5603079610699018,0.4396920389300982,0.0
2023-04-21,0.5528942172321872,0.4471057827678128,0.0
2023-04-22,0.5920469982827677,0.40795300171723237,0.0
2023-04-23,0.5763296512272608,0.4236703487727394,0.0
2023-04-24,0.576228412784644,0.42377158721535585,0.0
2023-04-25,0.5849332085676309,0.4150667914323692,0.0
2023-04-26,0.5811284810452486,0.41887151895475133,0.0
2023-04-27,0.5787362959669222,0.42126370403307767,0.0
2023-04-28,0.5485268180117693,0.45147318198823067,0.0
2023-04-29,0.5504728380732092,0.4495271619267909,0.0
2023-04-30,0.5497398886192529,0.4502601113807471,0.0
2023-05-01,0.5375981379343652,0.4624018620656349,0.0
2023-05-02,0.4998040299841374,0.5001959700158627,0.0
2023-05-03,0.5071279094156189,0.492872090584381,0.0
2023-05-04,0.5123657885022426,0.4876342114977573,0.0
2023-05-05,0.5170610738985827,0.4829389261014173,0.0
2023-05-06,0.5864144676834161,0.4135855323165839,0.0
2023-05-07,0.6363207437360032,0.36367925626399683,0.0
2023-05-08,0.6413741874909398,0.3586258125090602,0.0
2023-05-09,0.626934156334975,0.373065843665025,0.0
2023-05-10,0.6273824464954441,0.3726175535045559,0.0
2023-05-11,0.6060340796655228,0.39396592033447714,0.0
2023-05-12,0.6121015994267924,0.38789840057320757,0.0
2023-05-13,0.7259727082765688,0.27402729172343115,0.0
2023-05-14,0.733624406159609,0.26637559384039095,0.0
2023-05-15,0.7327804848312138,0.2672195151687862,0.0
2023-05-16,0.7478637919746762,0.2521362080253238,0.0
2023-05-17,0.8364409316083078,0.1635590683916921,0.0
2023-05-18,0.8297716643882351,0.1702283356117649,0.0
2023-05-19,0.8643073518266456,0.13569264817335447,0.0
2023-05-20,0.8417312855562947,0.1582687144437053,0.0
2023-05-21,0.818460840109155,0.18153915989084504,0.0
2023-05-22,0.8093974566032981,0.19060254339670185,0.0
2023-05-23,0.7978237408230304,0.20217625917696966,0.0
2023-05-24,0.800111969855053,0.1998880301449471,0.0
2023-05-25,0.7950344747478183,0.20496552525218167,0.0
2023-05-26,0.7961940469533589,0.2038059530466411,0.0
2023-05-27,0.7950938880973182,0.2049061119026819,0.0
2023-05-28,0.7883602201974792,0.21163977980252072,0.0
2023-05-29,0.8442766105944848,0.1557233894055152,0.0
2023-05-30,0.8476472962278845,0.15235270377211552,0.0
2023-05-31,0.8482018887850578,0.15179811121494227,0.0
2023-06-01,0.8454296528535461,0.15457034714645382,0.0
2023-06-02,0.8384217797045919,0.16157822029540814,0.0
2023-06-03,0.8589618310912734,0.14103816890872656,0.0
2023-06-04,0.8418948302022671,0.15810516979773287,0.0
2023-06-05,0.8368483013623109,0.16315169863768905,0.0
2023-06-06,0.8035433710543232,0.19645662894567692,0.0
2023-06-07,0.7343968092521146,0.2656031907478853,0.0
2023-06-08,0.7280326378326614,0.2719673621673387,0.0
2023-06-09,0.7359664354298042,0.2640335645701958,0.0
2023-06-10,0.7949935025085427,0.20500649749145722,0.0
2023-06-11,0.814736071432951,0.1852639285670491,0.0
2023-06-12,0.8186127133890814,0.18138728661091863,0.0
2023-06-13,0.7627091284094829,0.23729087159051718,0.0
2023-06-14,0.702290987191423,0.297709012808577,0.0
2023-06-15,0.7795259849589884,0.2204740150410116,0.0
2023-06-16,0.7683838264047976,0.23161617359520245,0.0
2023-06-17,0.7966246476692519,0.20337535233074816,0.0
2023-06-18,0.8469201655529667,0.15307983444703327,0.0
2023-06-19,0.6878460870686156,0.31215391293138445,0.0
2023-06-20,0.7043458284909826,0.29565417150901746,0.0
2023-06-21,0.5142474965556765,0.4857525034443235,0.0
2023-06-22,0.5008862629362273,0.4991137370637727,0.0
2023-06-23,0.505064429281196,0.49493557071880395,0.0
2023-06-24,0.4734115486242764,0.5265884513757236,0.0
2023-06-25,0.5048967420299569,0.49510325797004295,0.0
2023-06-26,0.5087086490431585,0.49129135095684134,0.0
2023-06-27,0.5667757728593055,0.4332242271406945,0.0
2023-06-28,0.5555992570715917,0.4444007429284083,0.0
2023-06-29,0.5858870999807237,0.4141129000192764,0.0
2023-06-30,0.580479882480135,0.41952011751986495,0.0
2023-07-01,0.6913647125263714,0.30863528747362856,0.0
2023-07-02,0.6872583970036427,0.3127416029963573,0.0
2023-07-03,0.672233983595598,0.3277660164044019,0.0
2023-07-04,0.657067991488116,0.3429320085118839,0.0
2023-07-05,0.4963743472205562,0.5036256527794439,0.0
2023-07-06,0.3731980693960992,0.6268019306039008,0.0
2023-07-07,0.4642890682984852,0.5357109317015147,0.0
2023-07-08,0.5015414003469217,0.49845859965307826,0.0
2023-07-09,0.502920239792163,0.49707976020783695,0.0
2023-07-10,0.5009907252378643,0.4990092747621358,0.0
2023-07-11,0.5029053995040229,0.4970946004959772,0.0
2023-07-12,0.5186690883605514,0.48133091163944874,0.0
2023-07-13,0.5090670352700187,0.49093296472998127,0.0
2023-07-14,0.6204369637180286,0.37956303628197147,0.0
2023-07-15,0.6363208918283382,0.3636791081716618,0.0
2023-07-16,0.6437054216010768,0.35629457839892315,0.0
2023-07-17,0.6566465820882048,0.34335341791179513,0.0
2023-07-18,0.6889992398766328,0.31100076012336714,0.0
2023-07-19,0.6804659053063369,0.31953409469366306,0.0
2023-07-20,0.6894486070432856,0.3105513929567144,0.0
2023-07-21,0.7048150807245853,0.29518491927541474,0.0
2023-07-22,0.7004275650546017,0.2995724349453985,0.0
2023-07-23,0.6899578107808703,0.31004218921912974,0.0
2023-07-24,0.7274695610811085,0.27253043891889156,0.0
2023-07-25,0.6730009062405,0.32699909375949987,0.0
2023-07-26,0.667068779941051,0.3329312200589489,0.0
2023-07-27,0.6655611804978772,0.3344388195021229,0.0
2023-07-28,0.649888246057847,0.35011175394215294,0.0
2023-07-29,0.6636584299417886,0.3363415700582113,0.0
2023-07-30,0.6661465928488356,0.3338534071511644,0.0
2023-07-31,0.6788650954781627,0.32113490452183735,0.0
2023-08-01,0.6976316747460455,0.3023683252539544,0.0
2023-08-02,0.670716565791973,0.32928343420802686,0.0
2023-08-03,0.6619511806271574,0.33804881937284265,0.0
2023-08-04,0.6599206494639955,0.3400793505360045,0.0
2023-08-05,0.7605604314240493,0.23943956857595078,0.0
2023-08-06,0.855569053646332,0.1444309463536681,0.0
2023-08-07,0.9235516566926723,0.07644834330732775,0.0
2023-08-08,0.9207476338236283,0.07925236617637177,0.0
2023-08-09,0.8952468616997525,0.10475313830024749,0.0
2023-08-10,0.8354370317611673,0.16456296823883265,0.0
2023-08-11,0.8319135730999111,0.16808642690008885,0.0
2023-08-12,0.8313105556592152,0.16868944434078484,0.0
2023-08-13,0.8310827040766404,0.16891729592335963,0.0
2023-08-14,0.6947646872317671,0.3052353127682329,0.0
2023-08-15,0.7148172557083865,0.2851827442916135,0.0
2023-08-16,0.7010177720020581,0.29898222799794194,0.0
2023-08-17,0.6827497663017184,0.3172502336982816,0.0
2023-08-18,0.6404838514172627,0.3595161485827372,0.0
2023-08-19,0.6344886905263192,0.3655113094736807,0.0
2023-08-20,0.8413209722019586,0.1586790277980414,0.0
2023-08-21,0.8799577926386799,0.12004220736132011,0.0
2023-08-22,0.878704299002703,0.12129570099729697,0.0
2023-08-23,0.9629704178399902,0.037029582160009865,0.0
2023-08-24,0.9895582302380086,0.010441769761991418,0.0
2023-08-25,0.9913091079113785,0.008690892088621463,0.0
2023-08-26,0.9917515203883496,0.00824847961165058,0.0
2023-08-27,0.9835529574067209,0.016447042593279157,0.0
2023-08-28,0.9442007378575972,0.05579926214240283,0.0
2023-08-29,0.953065857792309,0.04693414220769097,0.0
2023-08-30,0.640754784658972,0.359245215341028,0.0
2023-08-31,0.6382484655446387,0.36175153445536146,0.0
2023-09-01,0.4353551213272885,0.5646448786727115,0.0
2023-09-02,0.4758731860164545,0.5241268139835454,0.0
2023-09-03,0.4860104615556603,0.5139895384443397,0.0
2023-09-04,0.4682991721995406,0.5317008278004594,0.0
2023-09-05,0.281307019002458,0.7186929809975419,0.0
2023-09-06,0.27950202223010323,0.7204979777698968,0.0
2023-09-07,0.28197143400291164,0.7180285659970884,0.0
2023-09-08,0.2361066903848138,0.7638933096151862,0.0
2023-09-09,0.22051634318568503,0.7794836568143151,0.0
2023-09-10,0.2045738156594965,0.7954261843405035,0.0
2023-09-11,0.1998904956772264,0.8001095043227735,0.0
2023-09-12,0.0,1.0,0.0
2023-09-13,0.0,1.0,0.0
2023-09-14,0.0,1.0,0.0
2023-09-15,0.0,1.0,0.0
2023-09-16,0.0,1.0,0.0
2023-09-17,0.0,1.0,0.0
2023-09-18,0.0,1.0,0.0
2023-09-19,0.0,1.0,0.0
2023-09-20,0.0,1.0,0.0
2023-09-21,0.0,1.0,0.0
2023-09-22,0.0,1.0,0.0
2023-09-23,0.0,1.0,0.0
2023-09-24,0.0,1.0,0.0
2023-09-25,0.0,1.0,0.0
2023-09-26,0.0,1.0,0.0
2023-09-27,0.0,1.0,0.0
2023-09-28,0.0,1.0,0.0
2023-09-29,0.0865521705278721,0.913447829472128,0.0
2023-09-30,0.12075836328601887,0.8792416367139813,0.0
2023-10-01,0.14002689461950885,0.8599731053804912,0.0
2023-10-02,0.1425773171458392,0.8574226828541609,0.0
2023-10-03,0.3971222853060928,0.6028777146939072,0.0
2023-10-04,0.3972137953583192,0.6027862046416808,0.0
2023-10-05,0.3539944846883497,0.6460055153116502,0.0
2023-10-06,0.3775794804163862,0.6224205195836139,0.0
2023-10-07,0.3940466965542049,0.6059533034457951,0.0
2023-10-08,0.4092344498952656,0.5907655501047343,0.0
2023-10-09,0.415842377456378,0.5841576225436221,0.0
2023-10-10,0.4861395213223272,0.5138604786776727,0.0
2023-10-11,0.48545062116390575,0.5145493788360942,0.0
2023-10-12,0.45113859011584595,0.548861409884154,0.0
2023-10-13,0.45762673267720605,0.542373267322794,0.0
2023-10-14,0.459326848985257,0.540673151014743,0.0
2023-10-15,0.457285056440133,0.5427149435598669,0.0
2023-10-16,0.4495812590756378,0.5504187409243623,0.0
2023-10-17,0.41877672305212166,0.5812232769478782,0.0
2023-10-18,0.49772613160759166,0.5022738683924083,0.0
2023-10-19,0.5046636585037856,0.4953363414962145,0.0
2023-10-20,0.5065588355151196,0.4934411644848804,0.0
2023-10-21,0.49303652344728793,0.506963476552712,0.0
2023-10-22,0.4662732693231477,0.5337267306768524,0.0
2023-10-23,0.5034270704559289,0.4965729295440712,0.0
2023-10-24,0.18810623856497413,0.8118937614350259,0.0
2023-10-25,0.12985141038075737,0.8701485896192426,0.0
2023-10-26,0.1423707262128514,0.8576292737871486,0.0
2023-10-27,0.15398839404494938,0.8460116059550506,0.0
2023-10-28,0.15834560217644428,0.8416543978235558,0.0
2023-10-29,0.21494746955116562,0.7850525304488344,0.0
2023-10-30,0.21845782140441788,0.7815421785955822,0.0
2023-10-31,0.28964582386325155,0.7103541761367484,0.0
2023-11-01,0.28260492879381083,0.7173950712061891,0.0
2023-11-02,0.2791152498791264,0.7208847501208736,0.0
2023-11-03,0.30112078897207445,0.6988792110279255,0.0
2023-11-04,0.3486637231517383,0.6513362768482617,0.0
2023-11-05,0.354860428849186,0.645139571150814,0.0
2023-11-06,0.39575431870151667,0.6042456812984834,0.0
2023-11-07,0.4017459282466419,0.5982540717533581,0.0
2023-11-08,0.41788766031817354,0.5821123396818264,0.0
2023-11-09,0.4179308775050411,0.5820691224949589,0.0
2023-11-10,0.8066629563405637,0.19333704365943638,0.0
2023-11-11,0.8138532790021986,0.18614672099780152,0.0
2023-11-12,0.8182476193123642,0.18175238068763577,0.0
2023-11-13,0.8201117345074536,0.17988826549254636,0.0
2023-11-14,0.8124232711646453,0.18757672883535467,0.0
2023-11-15,0.8163508259314669,0.183649174068533,0.0
2023-11-16,0.7733701908629498,0.2266298091370502,0.0
2023-11-17,0.7915633390664962,0.20843666093350377,0.0
2023-11-18,0.7875449069013314,0.21245509309866867,0.0
2023-11-19,0.7935951334666858,0.20640486653331416,0.0
2023-11-20,0.7949043079221392,0.20509569207786074,0.0
2023-11-21,0.7880086630557893,0.21199133694421068,0.0
2023-11-22,0.788573057424352,0.21142694257564804,0.0
2023-11-23,0.8341260425182031,0.16587395748179687,0.0
2023-11-24,0.8375431388357666,0.16245686116423352,0.0
2023-11-25,0.8370261050283959,0.16297389497160414,0.0
2023-11-26,0.8372776203546396,0.1627223796453605,0.0
2023-11-27,0.8382788892458782,0.16172111075412174,0.0
2023-11-28,0.8308369187575426,0.1691630812424575,0.0
2023-11-29,0.8368887373528555,0.16311126264714462,0.0
2023-11-30,0.8415940325531185,0.15840596744688146,0.0
2023-12-01,0.8305698771725751,0.16943012282742476,0.0
2023-12-02,0.7913763528811042,0.20862364711889586,0.0
2023-12-03,0.8066521246634314,0.19334787533656855,0.0
2023-12-04,0.8153685594654891,0.18463144053451097,0.0
2023-12-05,0.7367072966024034,0.2632927033975965,0.0
2023-12-06,0.6778906962751196,0.3221093037248805,0.0
2023-12-07,0.6937889580885241,0.30621104191147586,0.0
2023-12-08,0.6867460928892241,0.31325390711077594,0.0
2023-12-09,0.6664396614617752,0.3335603385382248,0.0
2023-12-10,0.6655159827637124,0.3344840172362877,0.0
2023-12-11,0.6797562540196593,0.3202437459803407,0.0
2023-12-12,0.661343685534428,0.33865631446557204,0.0
2023-12-13,0.6643707311163537,0.33562926888364625,0.0
2023-12-14,0.658138444577391,0.34186155542260893,0.0
2023-12-15,0.6589765810036692,0.3410234189963307,0.0
2023-12-16,0.7083153659833453,0.2916846340166547,0.0
2023-12-17,0.6976686318563752,0.3023313681436249,0.0
2023-12-18,0.6916300889997868,0.30836991100021316,0.0
2023-12-19,0.6792586654841954,0.3207413345158045,0.0
2023-12-20,0.6914601644642883,0.30853983553571174,0.0
2023-12-21,0.6822314677317433,0.31776853226825674,0.0
2023-12-22,0.6749596551874782,0.3250403448125219,0.0
2023-12-23,0.8055347488280719,0.19446525117192812,0.0
2023-12-24,0.8200988257610642,0.17990117423893587,0.0
2023-12-25,0.8265863534645669,0.17341364653543315,0.0
2023-12-26,0.8328511898783483,0.16714881012165175,0.0
2023-12-27,0.8247221962669556,0.17527780373304438,0.0
2023-12-28,0.8740759581559148,0.12592404184408512,0.0
2023-12-29,0.8725565265855197,0.12744347341448015,0.0
2023-12-30,0.8805791799418323,0.11942082005816759,0.0
2023-12-31,0.8802050471054332,0.11979495289456671,0.0
2024-01-01,0.8829183777517856,0.11708162224821445,0.0
2024-01-02,0.8560332236602161,0.14396677633978397,0.0
2024-01-03,0.849656912318586,0.15034308768141388,0.0
2024-01-04,0.8802295617406884,0.11977043825931144,0.0
2024-01-05,0.8760913271286823,0.12390867287131768,0.0
2024-01-06,0.8768375460464887,0.12316245395351132,0.0
2024-01-07,0.8812851335752391,0.11871486642476088,0.0
2024-01-08,0.8819857149391265,0.11801428506087355,0.0
2024-01-09,0.6572820249755306,0.34271797502446943,0.0
2024-01-10,0.6034407648101147,0.3965592351898853,0.0
2024-01-11,0.7463659307648326,0.25363406923516735,0.0
2024-01-12,0.7447190629627408,0.2552809370372592,0.0
2024-01-13,0.6467472313972792,0.35325276860272076,0.0
2024-01-14,0.6271099058903092,0.3728900941096907,0.0
2024-01-15,0.686702017657851,0.3132979823421491,0.0
2024-01-16,0.6823572746885995,0.3176427253114006,0.0
2024-01-17,0.6925635174022949,0.3074364825977052,0.0
2024-01-18,0.7055715514752775,0.2944284485247225,0.0
2024-01-19,0.6936916339429008,0.3063083660570992,0.0
2024-01-20,0.6927620807553883,0.30723791924461175,0.0
2024-01-21,0.6965034815830444,0.3034965184169556,0.0
2024-01-22,0.6689861506170083,0.3310138493829917,0.0
2024-01-23,0.6891748358747042,0.31082516412529587,0.0
2024-01-24,0.6974737608118127,0.30252623918818733,0.0
2024-01-25,0.6978869241555316,0.30211307584446856,0.0
2024-01-26,0.6978539366176939,0.30214606338230604,0.0
2024-01-27,0.6659078164702211,0.33409218352977876,0.0
2024-01-28,0.6667173794601328,0.33328262053986735,0.0
2024-01-29,0.6653303739800112,0.3346696260199889,0.0
2024-01-30,0.6628808901539518,0.33711910984604826,0.0
2024-01-31,0.6677015876178408,0.3322984123821592,0.0
2024-02-01,0.6634561757520174,0.3365438242479825,0.0
2024-02-02,0.6625497303170357,0.33745026968296427,0.0
2024-02-03,0.7041527410868831,0.29584725891311686,0.0
2024-02-04,0.7487144888118407,0.2512855111881594,0.0
2024-02-05,0.7375535695652629,0.26244643043473703,0.0
2024-02-06,0.7514042463245684,0.24859575367543169,0.0
2024-02-07,0.7673730716944824,0.2326269283055175,0.0
2024-02-08,0.7607230454535795,0.2392769545464204,0.0
2024-02-09,0.7457966546162254,0.25420334538377465,0.0
2024-02-10,0.7372205122692959,0.2627794877307041,0.0
2024-02-11,0.7372427221110952,0.26275727788890485,0.0
2024-02-12,0.7427250566279721,0.25727494337202794,0.0
2024-02-13,0.7812684216111262,0.21873157838887383,0.0
2024-02-14,0.7601170421099506,0.23988295789004938,0.0
2024-02-15,0.774228374579582,0.22577162542041787,0.0
2024-02-16,0.781935488609283,0.218064511390717,0.0
2024-02-17,0.7964136156119652,0.20358638438803484,0.0
2024-02-18,0.7897925533420359,0.21020744665796404,0.0
2024-02-19,0.8083407350482827,0.19165926495171717,0.0
2024-02-20,0.8118951712289629,0.18810482877103715,0.0
2024-02-21,0.8145208002952644,0.18547919970473553,0.0
2024-02-22,0.823875063050898,0.17612493694910206,0.0
2024-02-23,0.8245091698703648,0.17549083012963512,0.0
2024-02-24,0.8262094023257106,0.17379059767428945,0.0
2024-02-25,0.8308547222787298,0.16914527772127022,0.0
2024-02-26,0.7825815372104576,0.21741846278954235,0.0
2024-02-27,0.7430024564964413,0.2569975435035588,0.0
2024-02-28,0.6881788964737775,0.31182110352622244,0.0
2024-02-29,0.5923565106684159,0.40764348933158406,0.0
2024-03-01,0.56211218377172,0.4378878162282801,0.0
2024-03-02,0.5739011637726185,0.4260988362273816,0.0
2024-03-03,0.5811436500753757,0.4188563499246243,0.0
2024-03-04,0.540922717166696,0.45907728283330385,0.0
2024-03-05,0.44675354973907366,0.5532464502609264,0.0
2024-03-06,0.3712159803919487,0.6287840196080513,0.0
2024-03-07,0.41733105501400775,0.5826689449859923,0.0
2024-03-08,0.41019024624841954,0.5898097537515805,0.0
2024-03-09,0.4297332835841051,0.5702667164158948,0.0
2024-03-10,0.44178350528345983,0.5582164947165402,0.0
2024-03-11,0.25473641719253654,0.7452635828074635,0.0
2024-03-12,0.25041554030770125,0.7495844596922989,0.0
2024-03-13,0.35907293311287125,0.6225287888854514,0.01839827800167734
2024-03-14,0.3511748474290545,0.6333354577600037,0.01548969481094185
2024-03-15,0.2832633196563506,0.6467250133348752,0.07001166700877429
2024-03-16,0.26778134463847353,0.6238528088985075,0.10836584646301903
2024-03-17,0.1923274338122108,0.6456289168784894,0.16204364930929988
2024-03-18,0.2035291504243511,0.6855725731709339,0.1108982764047151
2024-03-19,0.2501448578047317,0.6167909368842301,0.13306420531103808
2024-03-20,0.4314150547089839,0.533990449839926,0.0345944954510901
2024-03-21,0.5271204611424508,0.4647561625246275,0.008123376332921713
2024-03-22,0.48975090406366123,0.5102490959363387,0.0
2024-03-23,0.4799615843514132,0.4933819413227395,0.02665647432584723
2024-03-24,0.44740264532413115,0.5277524495809542,0.024844905094914643
2024-03-25,0.43222594420542526,0.5523232238480288,0.015450831946545993
2024-03-26,0.42165535008507904,0.5512840716198815,0.027060578295039613
2024-03-27,0.4449543623552582,0.5204248820492948,0.034620755595446966
2024-03-28,0.46944080178091707,0.5027370649079118,0.02782213331117112
2024-03-29,0.4705837214083838,0.5041968740748103,0.025219404516806092
2024-03-30,0.460921494120113,0.4974732610025175,0.041605244877369545
2024-03-31,0.46354157502921156,0.493108771376459,0.04334965359432948
2024-04-01,0.4510049795846588,0.49435745775957934,0.05463756265576182
2024-04-02,0.4999639890482913,0.46518314600551414,0.034852864946194564
2024-04-03,0.5130844625408308,0.4538874321345605,0.03302810532460867
2024-04-04,0.5103217091476558,0.4521315759658327,0.037546714886511366
2024-04-05,0.4844037512809492,0.4640155265927516,0.0515807221262992
2024-04-06,0.48740480912754985,0.47300572534948926,0.039589465522960984
2024-04-07,0.47229242864331494,0.49006034921969993,0.037647222136985126
2024-04-08,0.4854624952696992,0.47123011237828205,0.043307392352018796
2024-04-09,0.5414167204913475,0.3929596265405273,0.0656236529681252
2024-04-10,0.6018576892104329,0.3400356434332591,0.05810666735630788
2024-04-11,0.5968747061952365,0.34224357568754205,0.060881718117221574
2024-04-12,0.5986273858182878,0.34019745168310384,0.06117516249860835
2024-04-13,0.6977316297256542,0.30215576469218175,0.00011260558216415632
2024-04-14,0.7577967721378104,0.24220322786218954,0.0
2024-04-15,0.762422919658391,0.2375770803416091,0.0
2024-04-16,0.7307245833359749,0.2692754166640251,0.0
2024-04-17,0.7303838063919392,0.2696161936080607,0.0
2024-04-18,0.7175266641931201,0.28247333580687994,0.0
2024-04-19,0.6961574861450267,0.3038425138549733,0.0
2024-04-20,0.6954957857189763,0.30450421428102364,0.0
2024-04-21,0.6942079168915783,0.3057920831084216,0.0
2024-04-22,0.693098941150839,0.306901058849161,0.0
2024-04-23,0.6893809653155243,0.3106190346844757,0.0
2024-04-24,0.6850349010543088,0.3149650989456912,0.0
2024-04-25,0.6654479043692171,0.3345520956307828,0.0
2024-04-26,0.6386559066434084,0.36134409335659157,0.0
2024-04-27,0.6857141350210827,0.3142858649789173,0.0
2024-04-28,0.7370147046933311,0.262985295306669,0.0
2024-04-29,0.9056853783104072,0.09431462168959294,0.0
2024-04-30,0.8953375705485944,0.10466242945140562,0.0
2024-05-01,0.9076770103005517,0.09232298969944837,0.0
2024-05-02,0.8729167791534974,0.1270832208465025,0.0
2024-05-03,0.8631729191828031,0.13682708081719683,0.0
2024-05-04,0.923177048906627,0.07682295109337302,0.0
2024-05-05,1.0,0.0,0.0
2024-05-06,1.0,0.0,0.0
2024-05-07,1.0,0.0,0.0
2024-05-08,1.0,0.0,0.0
2024-05-09,1.0,0.0,0.0
2024-05-10,1.0,0.0,0.0
2024-05-11,1.0,0.0,0.0
2024-05-12,1.0,0.0,0.0
2024-05-13,1.0,0.0,0.0
2024-05-14,0.960306646875447,0.03969335312455316,0.0
2024-05-15,0.9088182573105327,0.09118174268946722,0.0
2024-05-16,0.8191218589117534,0.18087814108824654,0.0
2024-05-17,0.8584181749353271,0.14158182506467282,0.0
2024-05-18,0.8657753537460617,0.13422464625393835,0.0
2024-05-19,0.8237152440632551,0.17628475593674475,0.0
2024-05-20,0.7797079567772656,0.22029204322273443,0.0
2024-05-21,1.0,0.0,0.0
2024-05-22,1.0,0.0,0.0
2024-05-23,1.0,0.0,0.0
2024-05-24,1.0,0.0,0.0
2024-05-25,1.0,0.0,0.0
2024-05-26,1.0,0.0,0.0
2024-05-27,1.0,0.0,0.0
2024-05-28,1.0,0.0,0.0
2024-05-29,1.0,0.0,0.0
2024-05-30,1.0,0.0,0.0
2024-05-31,1.0,0.0,0.0
2024-06-01,1.0,0.0,0.0
2024-06-02,1.0,0.0,0.0
2024-06-03,1.0,0.0,0.0
2024-06-04,1.0,0.0,0.0
2024-06-05,1.0,0.0,0.0
2024-06-06,1.0,0.0,0.0
2024-06-07,1.0,0.0,0.0
2024-06-08,1.0,0.0,0.0
2024-06-09,0.9941459137416122,0.005854086258387768,0.0
2024-06-10,1.0,0.0,0.0
2024-06-11,0.9998322107338571,0.00016778926614281861,0.0
2024-06-12,0.9904946248036323,0.009505375196367702,0.0
2024-06-13,0.9597137060952862,0.04028629390471368,0.0
2024-06-14,0.9532589215520799,0.046741078447919956,0.0
2024-06-15,0.9714534404826047,0.028546559517395233,0.0
2024-06-16,0.9750836739100206,0.024916326089979297,0.0
2024-06-17,0.9830426337618982,0.016957366238101932,0.0
2024-06-18,0.9964711930016239,0.0035288069983760327,0.0
2024-06-19,0.9877387906836572,0.012261209316342846,0.0
2024-06-20,0.9852837816062467,0.014716218393753139,0.0
2024-06-21,0.9853641213456676,0.014635878654332331,0.0
2024-06-22,1.0,0.0,0.0
2024-06-23,1.0,0.0,0.0
2024-06-24,1.0,0.0,0.0
2024-06-25,0.9924492624859507,0.007550737514049203,0.0
2024-06-26,0.9796313518021371,0.02036864819786285,0.0
2024-06-27,0.9852630417372681,0.014736958262731992,0.0
2024-06-28,0.9837458549499263,0.016254145050073714,0.0
2024-06-29,0.9918718357744744,0.008128164225525532,0.0
2024-06-30,0.9675316065044531,0.03246839349554695,0.0
2024-07-01,0.9661070992640409,0.03389290073595899,0.0
2024-07-02,0.9715479554740339,0.028452044525966114,0.0
2024-07-03,1.0,0.0,0.0
2024-07-04,1.0,0.0,0.0
2024-07-05,1.0,0.0,0.0
2024-07-06,1.0,0.0,0.0
2024-07-07,1.0,0.0,0.0
2024-07-08,1.0,0.0,0.0
2024-07-09,1.0,0.0,0.0
2024-07-10,1.0,0.0,0.0
2024-07-11,1.0,0.0,0.0
2024-07-12,1.0,0.0,0.0
2024-07-13,1.0,0.0,0.0
2024-07-14,1.0,0.0,0.0
2024-07-15,1.0,0.0,0.0
2024-07-16,1.0,0.0,0.0
2024-07-17,1.0,0.0,0.0
2024-07-18,1.0,0.0,0.0
2024-07-19,1.0,0.0,0.0
2024-07-20,0.6797936537087286,0.3202063462912715,0.0
2024-07-21,0.6296576798439162,0.37034232015608387,0.0
2024-07-22,0.6328718091154603,0.3671281908845397,0.0
2024-07-23,0.661579178925348,0.33842082107465205,0.0
2024-07-24,0.6700688798947924,0.32993112010520764,0.0
2024-07-25,0.7477491829142374,0.2522508170857625,0.0
2024-07-26,0.7301340167621002,0.2698659832378997,0.0
2024-07-27,0.7271033805393076,0.2728966194606925,0.0
2024-07-28,0.7325229091245745,0.2674770908754255,0.0
2024-07-29,0.7279622748238682,0.27203772517613173,0.0
2024-07-30,0.7163838352757692,0.28361616472423073,0.0
2024-07-31,0.7229320796795734,0.2770679203204267,0.0
2024-08-01,0.7073183713046508,0.29268162869534914,0.0
2024-08-02,0.695199411443528,0.3048005885564719,0.0
2024-08-03,0.7131633533692798,0.28683664663072017,0.0
2024-08-04,0.7238036651974831,0.2761963348025169,0.0
2024-08-05,0.8018075276134042,0.19819247238659574,0.0
2024-08-06,0.9208242536589255,0.07917574634107445,0.0
2024-08-07,0.8873207837453105,0.11267921625468941,0.0
2024-08-08,0.9185277756880208,0.08147222431197931,0.0
2024-08-09,1.0,0.0,0.0
2024-08-10,1.0,0.0,0.0
2024-08-11,1.0,0.0,0.0
2024-08-12,1.0,0.0,0.0
2024-08-13,1.0,0.0,0.0
2024-08-14,1.0,0.0,0.0
2024-08-15,1.0,0.0,0.0
2024-08-16,1.0,0.0,0.0
2024-08-17,1.0,0.0,0.0
2024-08-18,1.0,0.0,0.0
2024-08-19,1.0,0.0,0.0
2024-08-20,1.0,0.0,0.0
2024-08-21,1.0,0.0,0.0
2024-08-22,1.0,0.0,0.0
2024-08-23,1.0,0.0,0.0
2024-08-24,1.0,0.0,0.0
2024-08-25,1.0,0.0,0.0
2024-08-26,1.0,0.0,0.0
2024-08-27,1.0,0.0,0.0
2024-08-28,1.0,0.0,0.0
2024-08-29,1.0,0.0,0.0
2024-08-30,1.0,0.0,0.0
2024-08-31,1.0,0.0,0.0
2024-09-01,1.0,0.0,0.0
2024-09-02,1.0,0.0,0.0
2024-09-03,1.0,0.0,0.0
2024-09-04,1.0,0.0,0.0
2024-09-05,1.0,0.0,0.0
2024-09-06,1.0,0.0,0.0
2024-09-07,1.0,0.0,0.0
2024-09-08,1.0,0.0,0.0
2024-09-09,1.0,0.0,0.0
2024-09-10,1.0,0.0,0.0
2024-09-11,1.0,0.0,0.0
2024-09-12,1.0,0.0,0.0
2024-09-13,1.0,0.0,0.0
2024-09-14,1.0,0.0,0.0
2024-09-15,1.0,0.0,0.0
2024-09-16,1.0,0.0,0.0
2024-09-17,1.0,0.0,0.0
2024-09-18,1.0,0.0,0.0
2024-09-19,1.0,0.0,0.0
2024-09-20,1.0,0.0,0.0
2024-09-21,1.0,0.0,0.0
2024-09-22,1.0,0.0,0.0
2024-09-23,1.0,0.0,0.0
2024-09-24,1.0,0.0,0.0
2024-09-25,1.0,0.0,0.0
2024-09-26,1.0,0.0,0.0
2024-09-27,1.0,0.0,0.0
2024-09-28,1.0,0.0,0.0
2024-09-29,1.0,0.0,0.0
2024-09-30,1.0,0.0,0.0
2024-10-01,1.0,0.0,0.0
2024-10-02,1.0,0.0,0.0
2024-10-03,1.0,0.0,0.0
2024-10-04,1.0,0.0,0.0
2024-10-05,1.0,0.0,0.0
2024-10-06,1.0,0.0,0.0
2024-10-07,1.0,0.0,0.0
2024-10-08,0.9799224534932948,0.02007754650670519,0.0
2024-10-09,0.9720956760180782,0.027904323981921855,0.0
2024-10-10,0.9745350589063498,0.02546494109365021,0.0
2024-10-11,1.0,0.0,0.0
2024-10-12,0.9791462141183245,0.02085378588167552,0.0
2024-10-13,1.0,0.0,0.0
2024-10-14,1.0,0.0,0.0
2024-10-15,1.0,0.0,0.0
2024-10-16,1.0,0.0,0.0
2024-10-17,1.0,0.0,0.0
2024-10-18,1.0,0.0,0.0
2024-10-19,1.0,0.0,0.0
2024-10-20,1.0,0.0,0.0
2024-10-21,1.0,0.0,0.0
2024-10-22,1.0,0.0,0.0
2024-10-23,1.0,0.0,0.0
2024-10-24,1.0,0.0,0.0
2024-10-25,1.0,0.0,0.0
2024-10-26,1.0,0.0,0.0
2024-10-27,1.0,0.0,0.0
2024-10-28,1.0,0.0,0.0
2024-10-29,1.0,0.0,0.0
2024-10-30,1.0,0.0,0.0
2024-10-31,1.0,0.0,0.0
2024-11-01,1.0,0.0,0.0
2024-11-02,1.0,0.0,0.0
2024-11-03,1.0,0.0,0.0
2024-11-04,1.0,0.0,0.0
2024-11-05,1.0,0.0,0.0
2024-11-06,0.9710250148177576,0.028974985182242355,0.0
2024-11-07,1.0,0.0,0.0
2024-11-08,1.0,0.0,0.0
2024-11-09,1.0,0.0,0.0
2024-11-10,1.0,0.0,0.0
2024-11-11,1.0,0.0,0.0
2024-11-12,0.892793704686744,0.10720629531325608,0.0
2024-11-13,0.8995670164292698,0.10043298357073006,0.0
2024-11-14,0.8684363966537552,0.13156360334624478,0.0
2024-11-15,0.8676469919154485,0.13235300808455142,0.0
2024-11-16,0.8332425495537872,0.16675745044621273,0.0
2024-11-17,0.8286095689392957,0.17139043106070428,0.0
2024-11-18,0.8759003359487519,0.12409966405124807,0.0
2024-11-19,0.8786563374994092,0.12134366250059068,0.0
2024-11-20,0.8618950316986751,0.13810496830132496,0.0
2024-11-21,0.8514375558683192,0.1485624441316809,0.0
2024-11-22,0.9113602643210134,0.08863973567898657,0.0
2024-11-23,0.9242715067431856,0.07572849325681431,0.0
2024-11-24,0.9065089477184032,0.09349105228159696,0.0
2024-11-25,0.9049929204458089,0.09500707955419103,0.0
2024-11-26,0.8044351426241694,0.19556485737583068,0.0
2024-11-27,0.8078425599766518,0.19215744002334817,0.0
2024-11-28,0.8742966095031302,0.12570339049686982,0.0
2024-11-29,0.8763008169363318,0.12369918306366817,0.0
2024-11-30,0.8906936747680392,0.10930632523196092,0.0
2024-12-01,0.8553274149895039,0.14467258501049596,0.0
2024-12-02,0.8467614863744883,0.15323851362551164,0.0
2024-12-03,0.8451421768197893,0.15485782318021069,0.0
2024-12-04,0.8477506189267201,0.15224938107327982,0.0
2024-12-05,0.8760783217599576,0.12392167824004244,0.0
2024-12-06,0.869584080284165,0.13041591971583502,0.0
2024-12-07,0.877549327377709,0.11447560465494871,0.007975067967342406
2024-12-08,0.8780561662494227,0.11169278826740685,0.010251045483170443
2024-12-09,0.8701122377456264,0.11597081868499723,0.013916943569376453
2024-12-10,0.9233081380849674,0.07669186191503262,0.0
2024-12-11,0.9396013638608938,0.06039863613910616,0.0
2024-12-12,0.9441644799323231,0.055835520067676975,0.0
2024-12-13,0.9336298374742403,0.06637016252575972,0.0
2024-12-14,0.921592657037204,0.078407342962796,0.0
2024-12-15,0.9258164665345273,0.0741835334654728,0.0
2024-12-16,0.9233373074644038,0.07666269253559613,0.0
2024-12-17,0.9252632796650145,0.07473672033498542,0.0
2024-12-18,0.9328600449746518,0.06713995502534818,0.0
2024-12-19,0.9465917855540481,0.053408214445951945,0.0
2024-12-20,0.9635498570908692,0.036450142909130734,0.0
2024-12-21,0.9554605787881288,0.04453942121187117,0.0
2024-12-22,0.9560262549673569,0.04397374503264313,0.0
2024-12-23,0.9330350962987858,0.06696490370121433,0.0
2024-12-24,0.9335507880922294,0.06644921190777069,0.0
2024-12-25,0.9155083065086504,0.08449169349134958,0.0
2024-12-26,0.9157356338066494,0.08426436619335063,0.0
2024-12-27,0.9260520519178567,0.07394794808214324,0.0
2024-12-28,0.9169507355530628,0.08304926444693722,0.0
2024-12-29,0.9194267684468365,0.08057323155316365,0.0
2024-12-30,0.9197810697782872,0.08021893022171274,0.0
2024-12-31,0.8971241103018537,0.1028758896981464,0.0
2025-01-01,0.8993001288733364,0.10069987112666347,0.0
2025-01-02,0.8972129284243785,0.10278707157562163,0.0
2025-01-03,0.8928545939344613,0.10714540606553874,0.0
2025-01-04,0.8929500995435544,0.10704990045644559,0.0
2025-01-05,0.8982954309046446,0.10170456909535536,0.0
2025-01-06,0.8539507928394551,0.14604920716054481,0.0
2025-01-07,0.8320088428221024,0.1679911571778976,0.0
2025-01-08,0.874374521306897,0.12562547869310312,0.0
2025-01-09,0.861626632381343,0.1383733676186571,0.0
2025-01-10,0.8880199420235453,0.11198005797645463,0.0
2025-01-11,0.9622466558196898,0.0377533441803102,0.0
2025-01-12,0.9581165517168994,0.041883448283100734,0.0
2025-01-13,0.9966883706045848,0.0033116293954151906,0.0
2025-01-14,0.9836919098752177,0.01630809012478234,0.0
2025-01-15,1.0,0.0,0.0
2025-01-16,1.0,0.0,0.0
2025-01-17,1.0,0.0,0.0
2025-01-18,1.0,0.0,0.0
2025-01-19,1.0,0.0,0.0
2025-01-20,1.0,0.0,0.0
2025-01-21,1.0,0.0,0.0
2025-01-22,1.0,0.0,0.0
2025-01-23,1.0,0.0,0.0
2025-01-24,1.0,0.0,0.0
2025-01-25,1.0,0.0,0.0
2025-01-26,1.0,0.0,0.0
2025-01-27,1.0,0.0,0.0
2025-01-28,1.0,0.0,0.0
2025-01-29,1.0,0.0,0.0
2025-01-30,1.0,0.0,0.0
2025-01-31,1.0,0.0,0.0
2025-02-01,1.0,0.0,0.0
2025-02-02,1.0,0.0,0.0
2025-02-03,1.0,0.0,0.0
2025-02-04,1.0,0.0,0.0
2025-02-05,1.0,0.0,0.0
2025-02-06,1.0,0.0,0.0
2025-02-07,1.0,0.0,0.0
2025-02-08,1.0,0.0,0.0
2025-02-09,1.0,0.0,0.0
2025-02-10,1.0,0.0,0.0
2025-02-11,1.0,0.0,0.0
2025-02-12,1.0,0.0,0.0
2025-02-13,1.0,0.0,0.0
2025-02-14,1.0,0.0,0.0
2025-02-15,1.0,0.0,0.0
2025-02-16,1.0,0.0,0.0
2025-02-17,1.0,0.0,0.0
2025-02-18,1.0,0.0,0.0
2025-02-19,1.0,0.0,0.0
2025-02-20,1.0,0.0,0.0
2025-02-21,1.0,0.0,0.0
2025-02-22,1.0,0.0,0.0
2025-02-23,1.0,0.0,0.0
2025-02-24,1.0,0.0,0.0
2025-02-25,1.0,0.0,0.0
2025-02-26,1.0,0.0,0.0
2025-02-27,1.0,0.0,0.0
2025-02-28,1.0,0.0,0.0
2025-03-01,1.0,0.0,0.0
2025-03-02,1.0,0.0,0.0
2025-03-03,1.0,0.0,0.0
2025-03-04,1.0,0.0,0.0
2025-03-05,1.0,0.0,0.0
2025-03-06,1.0,0.0,0.0
2025-03-07,1.0,0.0,0.0
2025-03-08,1.0,0.0,0.0
2025-03-09,1.0,0.0,0.0
2025-03-10,1.0,0.0,0.0
2025-03-11,1.0,0.0,0.0
2025-03-12,1.0,0.0,0.0
2025-03-13,1.0,0.0,0.0
2025-03-14,1.0,0.0,0.0
2025-03-15,1.0,0.0,0.0
2025-03-16,1.0,0.0,0.0
2025-03-17,1.0,0.0,0.0
2025-03-18,1.0,0.0,0.0
2025-03-19,1.0,0.0,0.0
2025-03-20,1.0,0.0,0.0
2025-03-21,1.0,0.0,0.0
2025-03-22,1.0,0.0,0.0
2025-03-23,1.0,0.0,0.0
2025-03-24,1.0,0.0,0.0
2025-03-25,1.0,0.0,0.0
2025-03-26,1.0,0.0,0.0
2025-03-27,1.0,0.0,0.0
2025-03-28,1.0,0.0,0.0
2025-03-29,1.0,0.0,0.0
2025-03-30,1.0,0.0,0.0
2025-03-31,1.0,0.0,0.0
2025-04-01,1.0,0.0,0.0
2025-04-02,1.0,0.0,0.0
2025-04-03,1.0,0.0,0.0
2025-04-04,1.0,0.0,0.0
2025-04-05,1.0,0.0,0.0
2025-04-06,1.0,0.0,0.0
2025-04-07,1.0,0.0,0.0
2025-04-08,1.0,0.0,0.0
2025-04-09,1.0,0.0,0.0
2025-04-10,1.0,0.0,0.0
2025-04-11,1.0,0.0,0.0
2025-04-12,1.0,0.0,0.0
2025-04-13,1.0,0.0,0.0
2025-04-14,1.0,0.0,0.0
2025-04-15,1.0,0.0,0.0
2025-04-16,1.0,0.0,0.0
2025-04-17,1.0,0.0,0.0
2025-04-18,1.0,0.0,0.0
2025-04-19,1.0,0.0,0.0
2025-04-20,1.0,0.0,0.0
2025-04-21,1.0,0.0,0.0
2025-04-22,1.0,0.0,0.0
2025-04-23,1.0,0.0,0.0
2025-04-24,1.0,0.0,0.0
2025-04-25,1.0,0.0,0.0
2025-04-26,1.0,0.0,0.0
2025-04-27,1.0,0.0,0.0
2025-04-28,1.0,0.0,0.0
2025-04-29,1.0,0.0,0.0
2025-04-30,1.0,0.0,0.0
2025-05-01,1.0,0.0,0.0
2025-05-02,1.0,0.0,0.0
2025-05-03,1.0,0.0,0.0
2025-05-04,1.0,0.0,0.0
2025-05-05,1.0,0.0,0.0
2025-05-06,1.0,0.0,0.0
2025-05-07,1.0,0.0,0.0
2025-05-08,1.0,0.0,0.0
2025-05-09,1.0,0.0,0.0
2025-05-10,1.0,0.0,0.0
2025-05-11,1.0,0.0,0.0
2025-05-12,1.0,0.0,0.0
2025-05-13,1.0,0.0,0.0
2025-05-14,1.0,0.0,0.0
2025-05-15,1.0,0.0,0.0
2025-05-16,1.0,0.0,0.0
2025-05-17,1.0,0.0,0.0
2025-05-18,1.0,0.0,0.0
2025-05-19,1.0,0.0,0.0
2025-05-20,1.0,0.0,0.0
2025-05-21,1.0,0.0,0.0
2025-05-22,1.0,0.0,0.0
2025-05-23,1.0,0.0,0.0
2025-05-24,1.0,0.0,0.0
2025-05-25,1.0,0.0,0.0
2025-05-26,1.0,0.0,0.0
2025-05-27,1.0,0.0,0.0
2025-05-28,1.0,0.0,0.0
2025-05-29,1.0,0.0,0.0
2025-05-30,1.0,0.0,0.0
2025-05-31,1.0,0.0,0.0
2025-06-01,1.0,0.0,0.0
2025-06-02,1.0,0.0,0.0
2025-06-03,1.0,0.0,0.0
2025-06-04,1.0,0.0,0.0
2025-06-05,1.0,0.0,0.0
2025-06-06,1.0,0.0,0.0
2025-06-07,1.0,0.0,0.0
2025-06-08,1.0,0.0,0.0
2025-06-09,1.0,0.0,0.0
2025-06-10,1.0,0.0,0.0
2025-06-11,1.0,0.0,0.0
2025-06-12,1.0,0.0,0.0
2025-06-13,1.0,0.0,0.0
2025-06-14,1.0,0.0,0.0
2025-06-15,1.0,0.0,0.0
2025-06-16,1.0,0.0,0.0
2025-06-17,1.0,0.0,0.0
2025-06-18,1.0,0.0,0.0
2025-06-19,1.0,0.0,0.0
2025-06-20,1.0,0.0,0.0
2025-06-21,1.0,0.0,0.0
2025-06-22,1.0,0.0,0.0
2025-06-23,1.0,0.0,0.0
2025-06-24,1.0,0.0,0.0
2025-06-25,1.0,0.0,0.0
2025-06-26,1.0,0.0,0.0
2025-06-27,1.0,0.0,0.0
2025-06-28,1.0,0.0,0.0
2025-06-29,1.0,0.0,0.0
2025-06-30,1.0,0.0,0.0
2025-07-01,1.0,0.0,0.0
2025-07-02,1.0,0.0,0.0
2025-07-03,1.0,0.0,0.0
2025-07-04,1.0,0.0,0.0
2025-07-05,1.0,0.0,0.0
2025-07-06,1.0,0.0,0.0
2025-07-07,1.0,0.0,0.0
2025-07-08,1.0,0.0,0.0
2025-07-09,1.0,0.0,0.0
2025-07-10,1.0,0.0,0.0
2025-07-11,1.0,0.0,0.0
2025-07-12,1.0,0.0,0.0
2025-07-13,1.0,0.0,0.0
2025-07-14,1.0,0.0,0.0
2025-07-15,1.0,0.0,0.0
2025-07-16,1.0,0.0,0.0
2025-07-17,1.0,0.0,0.0
2025-07-18,1.0,0.0,0.0
2025-07-19,1.0,0.0,0.0
2025-07-20,1.0,0.0,0.0
2025-07-21,1.0,0.0,0.0
2025-07-22,1.0,0.0,0.0
2025-07-23,1.0,0.0,0.0
2025-07-24,1.0,0.0,0.0
2025-07-25,1.0,0.0,0.0
2025-07-26,1.0,0.0,0.0
2025-07-27,1.0,0.0,0.0
2025-07-28,1.0,0.0,0.0
2025-07-29,1.0,0.0,0.0
2025-07-30,1.0,0.0,0.0
2025-07-31,1.0,0.0,0.0
2025-08-01,1.0,0.0,0.0
2025-08-02,1.0,0.0,0.0
2025-08-03,1.0,0.0,0.0
2025-08-04,1.0,0.0,0.0
2025-08-05,1.0,0.0,0.0
2025-08-06,1.0,0.0,0.0
2025-08-07,1.0,0.0,0.0
2025-08-08,1.0,0.0,0.0
2025-08-09,1.0,0.0,0.0
2025-08-10,1.0,0.0,0.0
2025-08-11,1.0,0.0,0.0
2025-08-12,1.0,0.0,0.0
2025-08-13,1.0,0.0,0.0
2025-08-14,1.0,0.0,0.0
2025-08-15,1.0,0.0,0.0
2025-08-16,1.0,0.0,0.0
2025-08-17,1.0,0.0,0.0
2025-08-18,1.0,0.0,0.0
2025-08-19,1.0,0.0,0.0
2025-08-20,1.0,0.0,0.0
2025-08-21,1.0,0.0,0.0
2025-08-22,1.0,0.0,0.0
2025-08-23,1.0,0.0,0.0
2025-08-24,1.0,0.0,0.0
2025-08-25,1.0,0.0,0.0
2025-08-26,1.0,0.0,0.0
2025-08-27,1.0,0.0,0.0
2025-08-28,1.0,0.0,0.0
2025-08-29,1.0,0.0,0.0
2025-08-30,1.0,0.0,0.0
2025-08-31,1.0,0.0,0.0
2025-09-01,1.0,0.0,0.0
2025-09-02,1.0,0.0,0.0
2025-09-03,1.0,0.0,0.0
2025-09-04,1.0,0.0,0.0
2025-09-05,1.0,0.0,0.0
2025-09-06,1.0,0.0,0.0
2025-09-07,1.0,0.0,0.0
2025-09-08,1.0,0.0,0.0
2025-09-09,1.0,0.0,0.0
2025-09-10,1.0,0.0,0.0
2025-09-11,1.0,0.0,0.0
2025-09-12,1.0,0.0,0.0
2025-09-13,1.0,0.0,0.0
2025-09-14,1.0,0.0,0.0
2025-09-15,1.0,0.0,0.0
2025-09-16,1.0,0.0,0.0
2025-09-17,1.0,0.0,0.0
2025-09-18,1.0,0.0,0.0
2025-09-19,1.0,0.0,0.0
2025-09-20,1.0,0.0,0.0
2025-09-21,1.0,0.0,0.0
2025-09-22,1.0,0.0,0.0
2025-09-23,1.0,0.0,0.0
2025-09-24,1.0,0.0,0.0
2025-09-25,1.0,0.0,0.0
2025-09-26,1.0,0.0,0.0
2025-09-27,1.0,0.0,0.0
2025-09-28,1.0,0.0,0.0
2025-09-29,1.0,0.0,0.0
2025-09-30,1.0,0.0,0.0
2025-10-01,1.0,0.0,0.0
2025-10-02,1.0,0.0,0.0
2025-10-03,1.0,0.0,0.0
2025-10-04,1.0,0.0,0.0
2025-10-05,1.0,0.0,0.0
2025-10-06,1.0,0.0,0.0
2025-10-07,1.0,0.0,0.0
2025-10-08,1.0,0.0,0.0
2025-10-09,1.0,0.0,0.0
2025-10-10,1.0,0.0,0.0
2025-10-11,1.0,0.0,0.0
2025-10-12,1.0,0.0,0.0
2025-10-13,1.0,0.0,0.0
2025-10-14,1.0,0.0,0.0
2025-10-15,1.0,0.0,0.0
2025-10-16,1.0,0.0,0.0
2025-10-17,1.0,0.0,0.0
2025-10-18,1.0,0.0,0.0
2025-10-19,1.0,0.0,0.0
2025-10-20,1.0,0.0,0.0
2025-10-21,1.0,0.0,0.0
2025-10-22,1.0,0.0,0.0
2025-10-23,1.0,0.0,0.0
2025-10-24,1.0,0.0,0.0
2025-10-25,1.0,0.0,0.0
2025-10-26,1.0,0.0,0.0
2025-10-27,1.0,0.0,0.0
2025-10-28,1.0,0.0,0.0
2025-10-29,1.0,0.0,0.0
2025-10-30,1.0,0.0,0.0
