Date,BTC_vol_forecast,ETH_vol_forecast,SOL_vol_forecast
2023-01-31,2.571876023713794,2.6994201134295657,4.484392824505429
2023-02-01,2.467292918606863,2.683049412016098,4.311542813971424
2023-02-02,2.477980841766595,2.7005504169201564,4.330062882833946
2023-02-03,2.397888237887576,2.6796679851748135,4.276706180601835
2023-02-04,2.3049199519761894,2.6642096013973666,4.159886681135913
2023-02-05,2.242180948157696,2.6437337635570697,4.065545073168422
2023-02-06,2.2589043410469087,2.640355144852252,4.093610350247952
2023-02-07,2.221133445849918,2.6236773041781776,4.11333530332608
2023-02-08,2.2685478008818647,2.641930250263973,4.23266188851551
2023-02-09,2.261378609313668,2.6279519115191476,4.18957871379608
2023-02-10,2.7634668501268496,2.7549935067143916,5.480249486171812
2023-02-11,2.6056952420077244,2.7485331794197125,5.188572477974963
2023-02-12,2.480840294420606,2.7353867007278794,5.002032038201789
2023-02-13,2.373700252050683,2.723729703262563,4.828791886046091
2023-02-14,2.285085538068629,2.7037519951424343,4.712054161503797
2023-02-15,2.2875865215121887,2.7168420691081026,4.704805131790952
2023-02-16,3.628466635435958,2.863887281520874,5.175113861449055
2023-02-17,3.42595445829588,2.8553058349852902,5.310912328045763
2023-02-18,3.3513127928344693,2.8657518439217933,5.131544837380562
2023-02-19,3.059577105189786,2.84329776052386,4.875490523529376
2023-02-20,2.8617633938716356,2.8223890582909,4.90664381593926
2023-02-21,2.736856258714291,2.804795727460601,4.897438953384007
2023-02-22,2.629016441357891,2.8068820527260416,4.8798877215457415
2023-02-23,2.5114963348451695,2.787884414507746,4.74359677944951
2023-02-24,2.420203142123016,2.766622817327317,4.547732941479482
2023-02-25,2.559516742965144,2.7687972828702074,4.498812631986867
2023-02-26,2.43001877639693,2.749895884354907,4.382644105819028
2023-02-27,2.3794199518465393,2.75394295122116,4.315784186070692
2023-02-28,2.2915665103691203,2.733197512517774,4.236591419595599
2023-03-01,2.293933240378302,2.723040309439658,4.234743841645388
2023-03-02,2.3162037293533935,2.7417439074413723,4.163718391260229
2023-03-03,2.258692790525345,2.724020945475895,4.10520546160433
2023-03-04,2.732382430399082,2.783227636627075,4.076452475135191
2023-03-05,2.5648798511581767,2.7616049346728793,4.018514995085315
2023-03-06,2.434031950308972,2.7402328247084236,3.9196503293414957
2023-03-07,2.3321052064729675,2.718974033682313,3.872596631531289
2023-03-08,2.2804658585705706,2.698471922759598,3.8447369469344235
2023-03-09,2.349925377629875,2.6893732775587544,4.683521032735457
2023-03-10,3.1171748237861974,2.8082166680959975,4.845790676887078
2023-03-11,2.88899574974791,2.7879138624245594,4.8485266377237455
2023-03-12,2.7685065968735545,2.808489772996531,4.621718177125762
2023-03-13,3.4528680893969335,2.9394936670493887,5.395169015702454
2023-03-14,4.212311347279867,3.006856722804718,5.09219671706514
2023-03-15,3.8258093794048627,2.9879257993856725,4.872642086946916
2023-03-16,3.4874792493514266,2.989366272750083,5.2247533071533026
2023-03-17,3.279966209132275,2.9698134892650017,4.980611743452525
2023-03-18,4.168129116020563,3.0767200560371433,5.404954002281398
2023-03-19,3.7749504256311956,3.0615051779339417,5.137789648954
2023-03-20,3.6168141386522614,3.041738740215069,4.951925095927205
2023-03-21,3.294979706976981,3.042822379595211,4.719884350711619
2023-03-22,3.0438287322542044,3.06536292829153,4.541733609551499
2023-03-23,3.005960372491848,3.08716599155574,4.622792961358225
2023-03-24,3.0107136047919996,3.118169565221637,4.524927711355648
2023-03-25,2.967687576164445,3.132264904002632,4.834274664211138
2023-03-26,2.7510686135394455,3.107696399180923,4.623933712831381
2023-03-27,2.6346075333532135,3.091522312403646,4.4834715266884135
2023-03-28,2.701314823821483,3.1029133833581697,4.575621777737787
2023-03-29,2.541983089443478,3.1082744722489233,4.450600832118418
2023-03-30,2.7040666132506064,3.0864652121232745,4.365255751995958
2023-03-31,2.574631110840099,3.0615397100163952,4.290290074677277
2023-04-01,2.484514743688022,3.0440754356425335,4.226199111105103
2023-04-02,2.373704144616624,3.0203664941070656,4.105448348546421
2023-04-03,2.3032758838353664,2.999585280666803,4.04578034599698
2023-04-04,2.2911741303593782,2.9772312344615615,3.946330086306587
2023-04-05,2.2563024606583073,2.9853934891970977,3.9099395125529646
2023-04-06,2.19563214045578,2.9731491750106493,3.8291065316264663
2023-04-07,2.158783973765789,2.9614241638880556,3.800581369013316
2023-04-08,2.1295705569675243,2.9384216519301742,3.7462496826546046
2023-04-09,2.0998059824698223,2.917737394996788,3.752654683959867
2023-04-10,2.1153187619348723,2.895238423028431,3.7135234892827453
2023-04-11,2.5334528902625895,2.8949676768676813,3.7468477155847535
2023-04-12,2.4785963419054755,2.8756094586462644,4.615902903015785
2023-04-13,2.370640770502506,2.8593613575382975,4.568061293301592
2023-04-14,2.2945206837748904,2.9040633001850473,4.409355036676226
2023-04-15,2.2249200556965483,2.937718961076093,4.262616623393996
2023-04-16,2.183177766274923,2.9151112605523566,4.2140147800219205
2023-04-17,2.1405845003081754,2.8967941371628854,4.334171020655678
2023-04-18,2.330063104429976,2.888419148257665,4.296538191103744
2023-04-19,2.4589018052688107,2.870795698481256,4.163372664798473
2023-04-20,2.9455441453598095,3.0644622898738714,4.830209068645913
2023-04-21,2.8220336626354894,3.0399794334910992,4.662903650540141
2023-04-22,2.887410446140528,3.0891730785629146,4.63372358191071
2023-04-23,2.7511331074874796,3.0687230297140093,4.489228071926514
2023-04-24,2.597702360452933,3.045494803085936,4.343675854458892
2023-04-25,2.4616772479579723,3.0246614296444583,4.195712503102074
2023-04-26,2.5065499971258745,3.0049222597072984,4.122612653683918
2023-04-27,2.3891146149361906,2.980842321967883,4.107984558406566
2023-04-28,2.5614138731624982,2.9714424766981447,4.217746342351157
2023-04-29,2.4379566782042956,2.950310883846064,4.273768757337723
2023-04-30,2.3391866486928112,2.9287573210046616,4.14254657710456
2023-05-01,2.2586890996408995,2.9150754666056082,4.052583610333946
2023-05-02,2.594749587930353,2.9113338366827173,4.1080385814157045
2023-05-03,2.535235529273307,2.901173572558384,4.006997745569284
2023-05-04,2.4311120171036547,2.8875737744078376,3.9113830759820876
2023-05-05,2.3400016379082444,2.871739267406891,3.891364734256113
2023-05-06,2.370576952417348,2.961470320755486,4.054060117085159
2023-05-07,2.401644269039935,3.0122051326066255,4.1116614818289925
2023-05-08,2.3725159576958195,2.994902611377007,4.003310411687381
2023-05-09,2.4649868642868675,2.976533110951336,4.244574855859169
2023-05-10,2.3570229066586945,2.952756438450389,4.108976527533057
2023-05-11,2.274003384539929,2.9297036770203486,4.008694468903351
2023-05-12,2.3442050499819276,2.927263711390459,4.0508658172610295
2023-05-13,2.2800117938297215,2.905009297827367,4.048943533068395
2023-05-14,2.2145459094106577,2.8836184044752136,3.946354599816186
2023-05-15,2.167663936314501,2.860892425905771,3.8600416109884574
2023-05-16,2.145173871762668,2.8407647761777617,3.787753462867816
2023-05-17,2.1242599385926533,2.818670842914507,3.7611287027506948
2023-05-18,2.130988538188882,2.7966459740141927,3.7383375641884946
2023-05-19,2.222450853279578,2.779265637452069,3.8334239065314186
2023-05-20,2.1698127818429778,2.7584863896448613,3.7658310520700393
2023-05-21,2.1436180078591747,2.7374349860216642,3.7121681569451104
2023-05-22,2.1685537561657577,2.7191430270732027,3.80586204196505
2023-05-23,2.1302021381118608,2.6994929944254005,3.7455552478620064
2023-05-24,2.13862898791858,2.6913709249388393,3.7559983498654
2023-05-25,2.389215305389416,2.7017576804069257,3.9073642651066973
2023-05-26,2.3004926031388004,2.6810881589444095,3.82696144492507
2023-05-27,2.2430475794265643,2.6652071840735503,3.761924022209134
2023-05-28,2.1894268243564308,2.6447176414521887,3.995078344696861
2023-05-29,2.557681143525883,2.684787588895103,3.9291090562578037
2023-05-30,2.467207146248288,2.667501496063367,3.860187175630884
2023-05-31,2.359106449115012,2.647400564351113,3.887769871875183
2023-06-01,2.3561748737217716,2.6347554735928322,3.8632909258924517
2023-06-02,2.331901921813157,2.6162994109572653,3.8226863507323747
2023-06-03,2.301511286553295,2.61516605831781,3.887338490086579
2023-06-04,2.2443060187763058,2.597708671019897,3.8147805243204713
2023-06-05,2.1862566827538776,2.5780285745343128,3.8444092686222824
2023-06-06,2.74538289439464,2.6237810132268637,4.501082506385731
2023-06-07,3.12271165357564,2.655369140988949,4.345463940420231
2023-06-08,3.088575370765411,2.663191362240709,4.965580357905549
2023-06-09,2.851488636069969,2.6443463466373887,4.736329337651475
2023-06-10,2.6595248661231796,2.624606088665391,5.161556588885036
2023-06-11,2.6400073190201834,2.6888443254089345,5.769291276288133
2023-06-12,2.4924843885455,2.668085706049891,5.4189926762904905
2023-06-13,2.3785120575073275,2.6491744114643168,5.1624020557365
2023-06-14,2.288867344384768,2.6290862740935728,4.905389186334376
2023-06-15,2.45906718757406,2.7046250328880856,4.794507596950385
2023-06-16,2.4104116752859874,2.686079939466003,4.601537054693959
2023-06-17,2.4800655885006773,2.695029302807628,4.524621525671025
2023-06-18,2.3738138076926973,2.675217885627696,4.385735284466493
2023-06-19,2.2999511261011896,2.655297650810046,4.250789905082957
2023-06-20,2.303520353917501,2.637830502668991,4.263459425738431
2023-06-21,2.8009401667087066,2.649088247048896,4.232243473285186
2023-06-22,3.20435965918125,2.7242781242415086,4.222242446777614
2023-06-23,2.945388380582924,2.7066703169814192,4.233676884887666
2023-06-24,2.8458146698709443,2.689049342536821,4.181192797159555
2023-06-25,2.6614899693329797,2.671404714190823,4.153201649068422
2023-06-26,2.511293467443144,2.6560047830322677,4.06330436866472
2023-06-27,2.4064590610022702,2.6529925663529013,4.154161671880022
2023-06-28,2.344298765461654,2.6408876809971544,4.072895752119594
2023-06-29,2.365347925782868,2.660101007397974,4.133145394012587
2023-06-30,2.30373203863532,2.6450452010397645,5.218317358633013
2023-07-01,2.2315003062481003,2.6854662889509275,5.134701702745916
2023-07-02,2.177787170507803,2.6656389191291616,4.880628986975829
2023-07-03,2.135988843630317,2.64636978250227,4.7816670468978915
2023-07-04,2.1671472145856967,2.6286050192720567,4.578530574852841
2023-07-05,2.173726175268189,2.612180278778766,4.3953927520700695
2023-07-06,2.1575943918676677,2.5992969731864344,4.2449138692084905
2023-07-07,2.232294978143447,2.6189931859125735,4.242085488830349
2023-07-08,2.2174105495491356,2.6033328771147555,4.764897719586197
2023-07-09,2.1681557587359905,2.5838930347638334,4.572309822082944
2023-07-10,2.1360096277029816,2.5644090443349064,4.445909951099533
2023-07-11,2.1154474666016547,2.547705205665964,4.279821002200706
2023-07-12,2.0963217892817663,2.528592219304737,4.2557115822621165
2023-07-13,2.0950694523063755,2.5101377019649544,4.123037368854604
2023-07-14,2.3442543155556335,2.6576969153781422,6.281543619059303
2023-07-15,2.583410694857523,2.6784220566715766,5.905579063294368
2023-07-16,2.448944572699231,2.6585383949366355,5.571156785100748
2023-07-17,2.3449613144723247,2.638863276017816,5.242896932011665
2023-07-18,2.268452742977546,2.6203073892157445,4.994320712154657
2023-07-19,2.2337362442184205,2.6025372563112827,4.980255375549015
2023-07-20,2.1782909443237592,2.5836559601352675,4.814098868734718
2023-07-21,2.143809412753965,2.5640363928071648,4.735756971597048
2023-07-22,2.1119310781740777,2.5446247930983588,4.527275283247398
2023-07-23,2.0956239849198495,2.533630213928408,4.512954929113578
2023-07-24,2.0949327648415896,2.5199907148844924,4.341450290927684
2023-07-25,2.3207243179892822,2.5179715914652436,4.525381616402665
2023-07-26,2.2444646556183567,2.499512226832473,4.349512723747444
2023-07-27,2.1884411961962384,2.4826371236389977,4.747324463540112
2023-07-28,2.1538904451010317,2.4659091340353183,4.536782090646105
2023-07-29,2.1192600794531526,2.449413677852405,4.368842183845758
2023-07-30,2.0919834868193843,2.431531474663624,4.226295413293232
2023-07-31,2.076095300021964,2.418149868856999,4.240622086475363
2023-08-01,2.061997985540483,2.4008294997735518,4.164208952698603
2023-08-02,2.0970809954703244,2.3854862742658214,4.05189663818113
2023-08-03,2.167441033085811,2.380819712457839,4.095435600188324
2023-08-04,2.128216359363562,2.36372519215782,4.042949182532292
2023-08-05,2.1050064608014196,2.347376356737221,3.942978993520765
2023-08-06,2.0829306919196915,2.3307813007336513,3.8647318372994373
2023-08-07,2.065358910528792,2.31483399194506,3.847226412179835
2023-08-08,2.054615007081373,2.2982098808127973,3.7818807507707066
2023-08-09,2.1296174275919113,2.29070436423996,3.960505672748651
2023-08-10,2.116995771296471,2.2744031540299865,3.8741742059855633
2023-08-11,2.099046627298905,2.258465205780335,3.806383900202926
2023-08-12,2.0784596444740235,2.2427200915302765,3.7440539147415435
2023-08-13,2.0616660144654904,2.226880017006567,3.706570469796709
2023-08-14,2.0581241949958944,2.212629531120639,3.7527470666964726
2023-08-15,2.048463748407636,2.197295691703935,3.8334813553262324
2023-08-16,2.062683112043479,2.1861742914152975,4.058621314766833
2023-08-17,2.1282018892605983,2.1773665207256285,4.189435567750579
2023-08-18,3.2173810445276594,2.3583479308417283,4.322409198087468
2023-08-19,3.058617279364284,2.3499069515565587,4.210356669479059
2023-08-20,2.8233932840665705,2.3336309679370983,4.1366371518303096
2023-08-21,2.6369727591407193,2.319602021451818,4.022628814468525
2023-08-22,2.4925205008583418,2.3077834609230328,4.004744758841462
2023-08-23,2.382184069419524,2.308415679669919,4.024537357819786
2023-08-24,2.3351533117069585,2.319996238892217,4.214736448100252
2023-08-25,2.287101936839002,2.309171980634697,4.193431498261055
2023-08-26,2.2268277627200694,2.2935223045610442,4.172937528686784
2023-08-27,2.1750830313514737,2.2779739390430476,4.05398084460516
2023-08-28,2.1346169500466496,2.263238464064834,4.005046425492187
2023-08-29,2.103645481373123,2.2477178582787594,3.9254652193329154
2023-08-30,2.8251459788954807,2.3129164157536315,4.171306840471751
2023-08-31,2.695059229602473,2.305145491239254,4.259746081359473
2023-09-01,3.0600319975863495,2.3399026837699046,4.425795791212001
2023-09-02,2.83233765322376,2.327800440167892,4.310770686193538
2023-09-03,2.6434246937967947,2.3118171323645105,4.16955182822872
2023-09-04,2.495589379900861,2.29524982153323,4.046734535481904
2023-09-05,2.3915113553044276,2.2796589705662917,3.946473191457311
2023-09-06,2.3003622853305914,2.26352364685306,4.006994759929726
2023-09-07,2.230331665027573,2.247534384090131,4.033428821886851
2023-09-08,2.247164999434942,2.2347164376917474,3.947518253460201
2023-09-09,2.2369070552164128,2.221348462652458,3.8891100446783593
2023-09-10,2.1814281839298735,2.2058126626376344,3.8214740487878482
2023-09-11,2.1423982515819637,2.1962837525036756,4.2004496662883275
2023-09-12,2.293172479540124,2.2525941044440865,4.162512213794561
2023-09-13,2.3658408395207724,2.2624717881348384,4.048596375394619
2023-09-14,2.322372487480838,2.249726295865234,4.007466321242349
2023-09-15,2.270872933497656,2.238791942940107,3.9606795116644262
2023-09-16,2.2067603220349343,2.2258187544557932,3.898162009745574
2023-09-17,2.159932853817649,2.2110264617014357,3.820328809689245
2023-09-18,2.12432673686747,2.198337865418113,3.7899330459215728
2023-09-19,2.1075120928897513,2.1858033255935,3.9159333260093283
2023-09-20,2.143259628274073,2.1710182123483075,3.8672970660600465
2023-09-21,2.114672164779003,2.1634353311698966,3.8087996106953947
2023-09-22,2.2122281871108194,2.1741717217997953,3.946716725457973
2023-09-23,2.1621792385170395,2.1601575756244564,3.8611534780314156
2023-09-24,2.1247015045769397,2.1452630244407263,3.7885770303624233
2023-09-25,2.1423675914512383,2.1338714327513264,3.7334719617152783
2023-09-26,2.1093097252472677,2.1199835504064595,3.6829030092523034
2023-09-27,2.089696009434812,2.1058308721062446,3.693329009268973
2023-09-28,2.0734235681561803,2.0917196235778492,3.6516409401123324
2023-09-29,2.196438680229519,2.125916020523851,3.8024426918480385
2023-09-30,2.1574225590813727,2.114459128477045,3.7664793301868893
2023-10-01,2.120723546475779,2.1001608542578887,3.991163208327914
2023-10-02,2.3907131266229595,2.1420975567938654,4.9641233133545954
2023-10-03,2.3693221214504794,2.2013474457624036,4.759822920907595
2023-10-04,2.2876578467681195,2.1869474794137433,4.548877749166704
2023-10-05,2.2529437509744716,2.1732509446454658,4.4005750246747795
2023-10-06,2.2485675791540323,2.18028985351872,4.28464486222115
2023-10-07,2.264155080475273,2.1826158846683166,4.232890260584689
2023-10-08,2.2014174816406977,2.169850816377333,4.104791854510347
2023-10-09,2.1554725355275215,2.1549062806996955,3.992830628124953
2023-10-10,2.1680025719561957,2.1888827961785053,4.170487865521686
2023-10-11,2.1461435838271354,2.1765581466789663,4.0472203069975645
2023-10-12,2.2147502863567414,2.1615767877660885,3.947333135342344
2023-10-13,2.1719623368201195,2.160043329968714,3.98489527853174
2023-10-14,2.133120653926261,2.1474743680429706,3.9488140123189233
2023-10-15,2.1028925475670612,2.1328044809549485,3.8659696948161724
2023-10-16,2.103029042803709,2.118279903909762,3.7960946808542135
2023-10-17,2.588635154702676,2.133373668534637,4.521987679807643
2023-10-18,2.4569899797045958,2.1410030772473556,4.343859565028137
2023-10-19,2.3537540796209893,2.126455070439346,4.248724099006844
2023-10-20,2.3046429591719755,2.1120734669026486,4.470602640528054
2023-10-21,2.4564861967340463,2.1201344187326048,4.869210563185631
2023-10-22,2.3582171851976947,2.114852161946737,5.206677784995228
2023-10-23,2.2734233902341274,2.117831584534469,4.9436819162469625
2023-10-24,3.8405939158961515,2.2479114293513542,5.386219779096497
2023-10-25,3.537460481289806,2.236140262956159,5.337657480621671
2023-10-26,3.2529307534746974,2.220412505964444,5.456261277702961
2023-10-27,3.00295483886467,2.207876594385183,5.148487432776766
2023-10-28,2.793123334700177,2.200586116601019,4.974283965299504
2023-10-29,2.6151199365481475,2.185500343321004,4.730330281829571
2023-10-30,2.501009485769041,2.1744437962027114,4.630034884946385
2023-10-31,2.384635470817336,2.161690598081046,4.778256100866786
2023-11-01,2.2960199462903597,2.1471205802882096,5.327605072455774
2023-11-02,2.323399584175152,2.143341277232347,5.445318988137795
2023-11-03,2.3030141604857053,2.1575838267533745,5.217903909260839
2023-11-04,2.2436177558192205,2.155011124044324,4.967711197013649
2023-11-05,2.203510366051123,2.147159395807613,5.1097320768964565
2023-11-06,2.1567214951763947,2.147382864246445,4.912346242789612
2023-11-07,2.1208645175877976,2.1328655233670584,4.71042358196981
2023-11-08,2.118761903219576,2.1202878971130046,4.544163729648264
2023-11-09,2.09678089976666,2.1058517708493474,4.362073131498031
2023-11-10,2.2564137626517047,2.601737647951024,4.442483034587031
2023-11-11,2.2514145866570434,2.5970772857489584,7.628235447664186
2023-11-12,2.200735931880848,2.5832900669237726,7.049520741898018
2023-11-13,2.1565714390553077,2.564332893659164,6.532694783091549
2023-11-14,2.186231235190036,2.5455658019044867,6.506199566996382
2023-11-15,2.330175171877672,2.5789348368668428,6.581344950362473
2023-11-16,3.0305505350838198,2.6145054461004538,7.349557325891226
2023-11-17,3.206769577930813,2.681193940987244,7.708760097630671
2023-11-18,2.9629255084787243,2.660524163353244,7.116703034519017
2023-11-19,2.747481513181201,2.640074056433648,6.591706203533854
2023-11-20,2.6586192742289114,2.640489507206219,6.276427772176992
2023-11-21,2.5064202593928364,2.6207569591151305,6.338907522819997
2023-11-22,2.8309748968684767,2.6665454996109426,6.401695852964031
2023-11-23,2.9853918666414687,2.7790176962722475,6.633718170047144
2023-11-24,2.7700779952060524,2.7573950164112926,6.192076533906136
2023-11-25,2.614413627293434,2.738294847405372,5.78272737916936
2023-11-26,2.4716793725123054,2.7170350465833923,5.50726788497402
2023-11-27,2.3822242660355286,2.699931871547058,5.227037911330915
2023-11-28,2.3043059210484778,2.6902507152511173,5.13122228199601
2023-11-29,2.2774243680558603,2.6729449661708418,5.104669334420665
2023-11-30,2.2115337893362907,2.655896671079733,4.863621121718337
2023-12-01,2.1682251653621156,2.639238236717713,4.634291721053339
2023-12-02,2.268511836006686,2.6279353790361104,4.444371013577703
2023-12-03,2.2870835589829177,2.653317821939128,4.655458306308604
2023-12-04,2.248491447513302,2.6380578408346,4.475078095224331
2023-12-05,2.6775185362703384,2.634086778246956,4.3679341348235825
2023-12-06,2.9543254073617837,2.630172190634025,4.223324529312389
2023-12-07,2.7557387622110747,2.637449159597773,4.1088207059742725
2023-12-08,2.611146209670506,2.71740049936824,4.765912812175317
2023-12-09,2.541646072306867,2.6963369867506373,5.37172959159782
2023-12-10,2.443348607946158,2.67773850116509,5.193129757742371
2023-12-11,2.3386658554277813,2.657688883103271,5.001263237213792
2023-12-12,3.006708666565613,2.7451895933576718,5.072127090770314
2023-12-13,2.7842655968610597,2.727743238703565,4.879490107340717
2023-12-14,2.8139417259159387,2.728495347559233,4.729781743192202
2023-12-15,2.6291336758240775,2.7262255391441035,4.891385086419096
2023-12-16,2.6355772892353557,2.7679797499620014,4.839851669202162
2023-12-17,2.495660630808897,2.7466277601378217,4.630326076978797
2023-12-18,2.4876850839433695,2.73217307801217,4.554269218700037
2023-12-19,2.5479152409649473,2.713524641108313,4.555501226428644
2023-12-20,2.4403436542077226,2.704127318471866,4.409682203281479
2023-12-21,2.5409129053941673,2.6868092748887356,5.431103598091421
2023-12-22,2.4170058692701866,2.6750984501311246,6.369805695347861
2023-12-23,2.3188525633864434,2.7020473954992763,6.057929614918345
2023-12-24,2.255568596354859,2.6834217050630476,6.25475018826029
2023-12-25,2.272255383348608,2.675804830722774,5.966613113144461
2023-12-26,2.2437165000957835,2.655378502355118,5.966324188224775
2023-12-27,2.3528815463116524,2.647268444637879,5.9810673461043695
2023-12-28,2.3606272595633015,2.7618446453725447,5.804210664154914
2023-12-29,2.3692663977769897,2.7466535418075932,5.62290517697237
2023-12-30,2.3258921364651632,2.739691415627656,5.40485039010666
2023-12-31,2.2483942037388047,2.719038923008327,5.2584535812313495
2024-01-01,2.189663654417407,2.698898026341684,4.974754343846496
2024-01-02,2.5527474539008197,2.708242859788212,5.193359745771033
2024-01-03,2.480818425667721,2.68729994837137,4.984663600843086
2024-01-04,2.862130746934578,2.8034878853101426,5.268003213726742
2024-01-05,2.830331211488602,2.802435473934287,5.29410471894278
2024-01-06,2.6422010692132254,2.7804882454704223,5.218419006651543
2024-01-07,2.499424982475891,2.764004577336818,5.280677048090607
2024-01-08,2.3834096727596483,2.745159309043256,5.209828712230298
2024-01-09,3.1215474014782765,2.798692977083735,5.567586360974199
2024-01-10,2.9412510393266347,2.777392797055353,5.257031399421248
2024-01-11,2.745599437050963,3.0428271011336134,5.021494326020778
2024-01-12,2.5846204284083814,3.024035442458398,4.813671133578493
2024-01-13,3.577322975457037,3.0423703826425297,5.235413071328878
2024-01-14,3.2432290346362436,3.0296447247535667,5.093856107411176
2024-01-15,3.090808056105387,3.0581356990966624,4.860378876332651
2024-01-16,2.8936430618995646,3.040255513380139,4.63169101163197
2024-01-17,2.7277323327830976,3.041509825179462,4.526241271414978
2024-01-18,2.5854570046234424,3.0341019775729836,4.519698036806718
2024-01-19,2.7236054228933333,3.02883279847887,4.934588334268659
2024-01-20,2.5678750219540825,3.0066269248839306,4.705062466031374
2024-01-21,2.4352917069142577,2.9848075535459606,4.508714666483473
2024-01-22,2.336626705105424,2.9624323879348955,4.371684908783327
2024-01-23,2.813929880039731,3.0506476993570084,4.871005104130262
2024-01-24,2.6386620990872576,3.0556698800235447,4.643767413054907
2024-01-25,2.494618637216121,3.03148631313507,4.674914571200803
2024-01-26,2.3838834673511937,3.008938619201075,4.520360139951084
2024-01-27,2.713370220088006,2.9987225886573903,4.67892499868802
2024-01-28,2.556171770566364,2.9746936370451302,4.502940191600028
2024-01-29,2.4287172902807552,2.9518003945192275,4.355152395150085
2024-01-30,2.498177361710568,2.9483847160487455,4.496824735812868
2024-01-31,2.3998141303651512,2.9287108668017114,4.322508762140791
2024-02-01,2.3282351380139503,2.9288423552021343,4.384170537219168
2024-02-02,2.2739474034955713,2.907864790941318,4.231196298773944
2024-02-03,2.2090744517383394,2.8848260956983967,4.158779490619517
2024-02-04,2.168106652774011,2.863078663823652,4.11378799054142
2024-02-05,2.1583242141850283,2.8408565944701225,4.0714619098762705
2024-02-06,2.121320980601319,2.8188567906197814,3.9638493723456607
2024-02-07,2.111715118157119,2.827230667703808,3.8895850491508117
2024-02-08,2.2608382389884976,2.8190270416707652,3.983883026232384
2024-02-09,2.29768960934708,2.797044618034968,3.9185101173071732
2024-02-10,2.554342624542576,2.798716101869219,3.989979649535759
2024-02-11,2.4544837094762757,2.7775529447290994,3.9332615206665453
2024-02-12,2.367287490778106,2.7559636626121855,3.8785575978598446
2024-02-13,2.512208688761064,2.8427301923774873,3.9696927073739245
2024-02-14,2.3992679738137452,2.821764873802262,3.880248488417913
2024-02-15,2.6399245773525646,2.8777823595251326,3.949596178951967
2024-02-16,2.491677491046671,2.863086045586362,3.9580732085084955
2024-02-17,2.377831373852404,2.8425242149905676,3.968906159806423
2024-02-18,2.315960194961029,2.8215945804448,3.9019957136089656
2024-02-19,2.2537760457456435,2.832325986585571,3.902825192674825
2024-02-20,2.2089200020427633,2.8249795183650526,3.8297173969330567
2024-02-21,2.1762026011850875,2.819601847990308,3.855227432154223
2024-02-22,2.1592693603079103,2.80482061297477,3.9005203934681396
2024-02-23,2.1562702418257054,2.7828319449062695,3.952759475887207
2024-02-24,2.159275289639862,2.771016929659722,3.9018623288431526
2024-02-25,2.1771290826777054,2.7672036604979824,3.9879937996304333
2024-02-26,2.1361754768080163,2.794873978786063,3.9011572470973483
2024-02-27,2.68053694564288,2.7866090982207172,4.184957591974812
2024-02-28,2.9085418620827053,2.777588812572982,4.083818779435696
2024-02-29,3.9653687877176917,2.813255694470782,4.653639136776288
2024-03-01,3.6353422955253945,2.7972466934759237,4.7937787540501455
2024-03-02,3.3455878369800285,2.7987951960102535,4.666204534347197
2024-03-03,3.065582782907048,2.7775111650023883,4.4670583181649315
2024-03-04,2.880815361649448,2.7680452130885977,4.298401291831004
2024-03-05,3.6707507674591793,2.7950570984100227,4.191252741397929
2024-03-06,4.023811879371903,2.7884916097543635,4.411949533182844
2024-03-07,3.7749235289533747,2.927696665584875,4.387322319513711
2024-03-08,3.42263822409373,2.9102484165230074,5.039158248341132
2024-03-09,3.176899300280874,2.887621526371462,4.788741968554346
2024-03-10,2.9187106964890326,2.865652475747468,4.573319369414169
2024-03-11,2.7190534013723537,2.8458568142162672,4.387235492402915
2024-03-12,2.9042381491770395,2.890613920343066,4.302129853708354
2024-03-13,2.7211495475062426,2.883103691368225,4.175734186763239
2024-03-14,2.6427328143319375,2.8613879962131987,4.662767391950136
2024-03-15,2.6205095242176664,2.871204531194663,4.946596101129539
2024-03-16,2.6581753945209896,2.897811019420186,4.802720374425203
2024-03-17,3.218206835764538,2.9834623078667497,4.587171875208676
2024-03-18,3.288004652018196,2.99226059242687,5.325615916180612
2024-03-19,3.0412046715172845,3.0064229722067095,5.116804776169466
2024-03-20,4.021363495725731,3.3228762525852815,6.385590056145455
2024-03-21,4.665820536230476,3.5924350319915828,6.853166262040949
2024-03-22,4.318759641394594,3.5633999021855636,6.657602003869064
2024-03-23,3.958034194187801,3.590714439900761,6.2455106943474785
2024-03-24,3.5560572842811093,3.5606278627305543,5.835776193812509
2024-03-25,3.5673848284419605,3.560649836643405,5.725303867680148
2024-03-26,3.465832391014507,3.5678670763607196,5.436596859132077
2024-03-27,3.1521811491735665,3.5380747290132137,5.130228994553011
2024-03-28,2.913354184237453,3.5250691199748743,4.914075490579729
2024-03-29,2.7630377508384765,3.5028586166035116,4.699262794593798
2024-03-30,2.625490401583617,3.479262591082668,4.507334196328845
2024-03-31,2.485522638912123,3.450380374499954,4.339638140630048
2024-04-01,2.481702496303425,3.4607393427796,4.354480144286364
2024-04-02,2.499184583871049,3.4753032872813616,4.478919113207279
2024-04-03,3.1708920244271,3.56565375663554,4.670722853934493
2024-04-04,2.9216015303007765,3.5382488657943667,4.509237345150367
2024-04-05,2.9576155999947487,3.509322870904202,4.339490194141138
2024-04-06,2.767019073577434,3.480475384808395,4.473487074688172
2024-04-07,2.631441763614849,3.454090889715633,4.354900023872767
2024-04-08,2.490934997131231,3.4468875915146713,4.202536204337872
2024-04-09,2.5772085416579316,3.535580458280506,4.075910370483737
2024-04-10,2.7201029806676456,3.5793668857847134,4.212322494799315
2024-04-11,2.630484054397795,3.552101758970726,4.083777814498853
2024-04-12,2.501034668771707,3.5258561183390817,3.97859106887439
2024-04-13,2.7655496945669458,3.6526266123529147,5.166077568229641
2024-04-14,3.109635330021605,3.7673670719103933,5.670993641680186
2024-04-15,3.0070149596757076,3.7927468675207248,5.816038568278885
2024-04-16,3.0338162102542823,3.768750304242683,6.040334343018663
2024-04-17,2.807567315440805,3.737766820908209,5.673194595077782
2024-04-18,2.9567384421535174,3.7338863998122847,5.423316272143341
2024-04-19,2.9612743322292396,3.719189152454862,5.532855262159538
2024-04-20,2.7483259097119612,3.688013559102631,5.210045977154013
2024-04-21,2.6315462393016893,3.680719470155981,5.1893609081041605
2024-04-22,2.486298490216083,3.6501130509099426,4.942015442004137
2024-04-23,2.5355926813230063,3.6262297607139886,4.948922610164805
2024-04-24,2.4237225430691307,3.5964244872578335,4.731134089844255
2024-04-25,2.5732356865029486,3.583254370021575,4.7253319676484224
2024-04-26,2.4401197782902555,3.553794652082314,4.556900938008018
2024-04-27,2.372636883709652,3.5261823848048186,4.54068912341149
2024-04-28,2.294596030519504,3.533239976720818,4.377806432264037
2024-04-29,2.233778993274897,3.503906728904103,4.288430977303123
2024-04-30,2.2025717101683093,3.4807854231050595,4.1463453238153445
2024-05-01,2.7567124109130985,3.564299491313951,4.69094544429757
2024-05-02,2.9143635520815456,3.540151252873103,4.779694141445133
2024-05-03,2.7429661777518857,3.5113601058932504,4.605666797983043
2024-05-04,3.2343961442502382,3.51803808228435,4.568412729170509
2024-05-05,3.001209954448343,3.489070175498506,4.403170674837908
2024-05-06,2.7775691072497897,3.4608412999375915,4.244635014456529
2024-05-07,2.6456661660433345,3.4481652458100407,4.317832613381953
2024-05-08,2.5407867939821096,3.429252378662976,4.275678123460777
2024-05-09,2.5000797708862006,3.404427515499855,4.307805677867893
2024-05-10,2.5568386784041,3.387074195974731,4.626996277629438
2024-05-11,2.721015598985421,3.408952330838603,4.626791477661962
2024-05-12,2.5556420575374204,3.3807016987428287,4.437867829626653
2024-05-13,2.4444415187813453,3.3534708656462566,4.291099676918092
2024-05-14,2.445782318927188,3.326893799526925,4.20703723779935
2024-05-15,2.45794190173366,3.315362630877931,4.221759072563996
2024-05-16,3.3247249143737605,3.362044956720415,5.111564235878806
2024-05-17,3.0884618287706167,3.3610050091332706,4.847999003498777
2024-05-18,2.9708908105290455,3.3972392777652063,4.95365487861262
2024-05-19,2.755082786926608,3.371110078496433,4.733670356764675
2024-05-20,2.6083700392803304,3.3512294117008437,4.546307375910425
2024-05-21,3.4377802323801006,4.0799920284333115,5.088733286999456
2024-05-22,3.195687837949055,4.069429344405766,5.019515373976989
2024-05-23,2.979100026578896,4.039300890431943,4.77399963169451
2024-05-24,2.826832908437133,4.00696987156756,4.561431216307398
2024-05-25,2.6494678686452557,3.9771952537694686,4.601894684619086
2024-05-26,2.517300510969013,3.9438998373374705,4.411500355361413
2024-05-27,2.4289289823397446,3.9191849830991603,4.350584184219261
2024-05-28,2.356242706143769,3.8921557893791268,4.341529393080081
2024-05-29,2.3407695903764933,3.863691379212222,4.199653663661135
2024-05-30,2.293144948950424,3.841240177687627,4.073789944233523
2024-05-31,2.2477329702761906,3.8092432993124152,3.9726620088685194
2024-06-01,2.2375264081632276,3.7771632530949852,3.891255667668223
2024-06-02,2.181857730796192,3.7495511078962034,3.813630240225804
2024-06-03,2.1391576399993664,3.7199208922494975,3.786951466465413
2024-06-04,2.1554517141313276,3.689035133862948,3.7353952468723155
2024-06-05,2.2566852632597083,3.6612526251482733,3.855216730072889
2024-06-06,2.203852650227443,3.6345697133799555,3.790969666806249
2024-06-07,2.164462388772029,3.609244614807941,3.7830306468962043
2024-06-08,2.238974036676987,3.612009912268808,3.9611700291888052
2024-06-09,2.183127765860867,3.5817079741329185,3.9669106265438234
2024-06-10,2.14299257196403,3.5526627578106025,3.9386760222882278
2024-06-11,2.1126209652887513,3.526239986218808,3.901544197853515
2024-06-12,2.350725029601965,3.555325670367877,4.2358361874975605
2024-06-13,2.3006184916867505,3.5327824662285487,4.232565605167694
2024-06-14,2.355447929626325,3.521247601618975,4.3813424933854455
2024-06-15,2.3079334946661407,3.4920236245345246,4.315982687230781
2024-06-16,2.2350706633929542,3.4774506678069637,4.190032558038045
2024-06-17,2.186093001190364,3.4541589341789596,4.201017760806689
2024-06-18,2.145504457384025,3.4512883449358602,4.366171011041149
2024-06-19,2.2286593789542746,3.4245585217412673,4.391641758131095
2024-06-20,2.178660453394014,3.4077367038830784,4.256401100512986
2024-06-21,2.1395473900725728,3.3849945501978596,4.149686002572837
2024-06-22,2.147763379259016,3.3570031627953063,4.033981360626893
2024-06-23,2.1136111049291784,3.330512589652323,3.9399780967004867
2024-06-24,2.170305290247774,3.3171993077919955,4.026243837816551
2024-06-25,2.6492652109841335,3.301865363040741,3.999444468034397
2024-06-26,2.6138697921275598,3.279120153097884,4.002105198023967
2024-06-27,2.5366949590615313,3.254074282792073,3.9060036117309602
2024-06-28,2.4399853395812765,3.2403299233038094,4.597172384809097
2024-06-29,2.447783917524329,3.226872919846458,4.836874904756237
2024-06-30,2.35623428398093,3.2005013822052626,4.611209390345879
2024-07-01,2.441834079017705,3.182594128530237,4.595511188765169
2024-07-02,2.3378947554602334,3.156722935935333,4.405682364031277
2024-07-03,2.306917459560406,3.1327500748268453,4.445731805225409
2024-07-04,2.461145496747739,3.148065530683737,5.002508728248475
2024-07-05,2.974143802309807,3.285385858134243,5.560555935851039
2024-07-06,2.7651583595828004,3.2755183893265203,5.432901417462448
2024-07-07,2.7359192301695585,3.2710378252343477,5.430519333241127
2024-07-08,2.945170778630512,3.3063305442642212,5.679492652538186
2024-07-09,2.769233697556404,3.302961337145288,5.568982856127362
2024-07-10,2.6841248165631413,3.2814079187318197,5.251895138723831
2024-07-11,2.533823558546627,3.2582952553873055,4.967756258612565
2024-07-12,2.423940756658705,3.231625788872013,4.902048894498581
2024-07-13,2.3389064550386465,3.2081300754257844,4.7219159362570515
2024-07-14,2.362301665441754,3.1867391215382055,4.535137517820241
2024-07-15,2.411514804981802,3.1724361471905542,4.489012433268718
2024-07-16,3.1020355495271468,3.2939834297654866,4.875032067434198
2024-07-17,2.858956673069721,3.2722989608415896,4.64424016909563
2024-07-18,2.7180797598409394,3.2532230183960724,4.548102059185257
2024-07-19,2.555726815072884,3.2295759967852424,4.405702153333164
2024-07-20,2.759095861330269,3.21719638265646,4.585588981775375
2024-07-21,2.591076993973711,3.1911960730910223,4.460144105790629
2024-07-22,2.4906998358209007,3.1656891540371084,4.604834510755542
2024-07-23,2.3965946799927824,3.1628919538303215,4.5104187779149685
2024-07-24,2.455600566392375,3.1408899731357116,4.462968089329981
2024-07-25,2.3699984770704656,3.169785984155917,4.371414660269399
2024-07-26,2.287403305000034,3.216530875255104,4.344048429255909
2024-07-27,2.4304864941080058,3.2171850341093102,4.552101769427455
2024-07-28,2.3306087077129662,3.1933767549663172,4.369990062024132
2024-07-29,2.258042043616341,3.168602030150351,4.215396994572512
2024-07-30,2.317077286140131,3.1486593441431108,4.101755715413528
2024-07-31,2.2686094290547962,3.1282466349580704,4.0388950489636155
2024-08-01,2.356515945196042,3.109633133387408,4.128573691332041
2024-08-02,2.294664384246676,3.087332457546129,4.081567620991726
2024-08-03,3.0373086484937057,3.205825026548044,4.836459370888732
2024-08-04,2.8402135190922473,3.203117622882889,5.004456757157143
2024-08-05,3.019578040173944,3.347789490719149,4.868337992353412
2024-08-06,3.7073391927562644,3.6157863070480256,4.979577958232433
2024-08-07,3.544344801016067,3.592232682272477,5.580920333038165
2024-08-08,3.2780801751960724,3.6293963213386884,5.251447571743508
2024-08-09,4.746326713599924,4.049391634770037,6.016379878357451
2024-08-10,4.2360458978818425,4.03835977531547,5.758985080788788
2024-08-11,3.7841617056439394,4.004063437666426,5.429407487083466
2024-08-12,3.6355659210564144,3.9815680102280546,5.6881200408650265
2024-08-13,3.3042440991172786,4.041405240210568,5.426441716609008
2024-08-14,3.0867598344614287,4.008387381629056,5.1175573743819935
2024-08-15,3.03898141761501,3.9798665597633334,4.888546201800101
2024-08-16,2.8946021170350567,3.97583830866469,4.663922410313511
2024-08-17,2.7815816166677996,3.9434907801136743,4.525527604113403
2024-08-18,2.6174532804958015,3.9112031803596867,4.37065628667652
2024-08-19,2.5444013742732197,3.87794142241997,4.216760170433886
2024-08-20,2.470174282173841,3.8466746722591805,4.097178298092626
2024-08-21,2.3796577263370957,3.8292366546115817,3.9952552957438563
2024-08-22,2.550221053906963,3.808056307210221,3.902582183842804
2024-08-23,2.4667915139566254,3.776152006148722,3.823527812535119
2024-08-24,3.0226013117411603,3.8089509308828187,4.199170038169335
2024-08-25,2.794554714370654,3.7767084642095816,4.291370800191228
2024-08-26,2.613431310388795,3.746303782325123,4.165275875341292
2024-08-27,2.593612611300265,3.730685873797912,4.057589428380213
2024-08-28,3.068132702862589,3.881925731598112,4.434149190307335
2024-08-29,2.8476462263552103,3.8664661367540725,4.316985267952486
2024-08-30,2.6595855592709468,3.833626206007334,4.251044286638848
2024-08-31,2.514439033220705,3.801187114003423,4.139110113670763
2024-09-01,2.397157639044524,3.7697434976689013,4.068169393090392
2024-09-02,2.4971675365728,3.767952081031627,4.238439058626826
2024-09-03,2.563316766657914,3.782370607289968,4.31621958470899
2024-09-04,2.6232652882698773,3.8059530090952944,4.49489994147562
2024-09-05,2.491927097160486,3.776620040559009,4.5080332295221845
2024-09-06,2.6091753098402592,3.773246071958189,4.441994445180213
2024-09-07,2.813569856061268,3.837482314619963,4.398130547102231
2024-09-08,2.62916745729389,3.8161289903483455,4.277740013667156
2024-09-09,2.5108922477767632,3.7859449944975374,4.162670825822973
2024-09-10,2.6838685040623145,3.7697638793806534,4.174947955664388
2024-09-11,2.545014078394278,3.7416430524760917,4.051351574969951
2024-09-12,2.427367008386706,3.721540704585225,4.012416269852675
2024-09-13,2.359599225510128,3.6919936017741364,3.9834269413491867
2024-09-14,2.615670155075584,3.6871382445237706,3.9325783662607705
2024-09-15,2.497437794038081,3.658627757451008,3.8738322926507474
2024-09-16,2.4313646557084496,3.6715225676067007,4.004869384129665
2024-09-17,2.4041064433935917,3.644067153815826,3.9084920400298095
2024-09-18,2.56328202519684,3.6228609812653145,3.8280161097611476
2024-09-19,2.5218837254249515,3.595642892608982,3.792669541775134
2024-09-20,2.480061094939955,3.603378758662626,4.143519109594649
2024-09-21,2.3685312682205013,3.609072269591281,4.08437293104574
2024-09-22,2.2817777423687184,3.5894610498399717,4.01000745261409
2024-09-23,2.216307461328465,3.5639295730631795,4.031577110269389
2024-09-24,2.1751466199022356,3.549451525851463,3.9306849192871356
2024-09-25,2.1806259023699894,3.5198402389452754,4.136544217351261
2024-09-26,2.2310251270406867,3.512740738702777,4.136153126917342
2024-09-27,2.3890733718729362,3.493454166092917,4.252147869433883
2024-09-28,2.311083280053001,3.478499804799472,4.130629718284457
2024-09-29,2.2370785476968114,3.451020608980619,4.018260732200656
2024-09-30,2.1874579498315785,3.423824737103262,3.9285209397612
2024-10-01,2.4604124995415986,3.4083999680039927,4.016152546345297
2024-10-02,2.712282233339614,3.480931390099129,4.183271289077931
2024-10-03,2.5531028889348537,3.484816307306751,4.188014096316718
2024-10-04,2.423861465904745,3.4571606320015174,4.138735468383048
2024-10-05,2.4117075212966452,3.4471606950672644,4.216694900974351
2024-10-06,2.3145117679778133,3.4185249630371337,4.087884073322475
2024-10-07,2.2643172925764574,3.392526006172733,4.0385858138997595
2024-10-08,2.228922426341237,3.36622424439376,3.972239492742295
2024-10-09,2.176927950628194,3.339654083187198,3.884483227857728
2024-10-10,2.3046528657238925,3.337391520985879,3.9081249273645753
2024-10-11,2.2421857238397784,3.3108240255681785,3.8299394422208337
2024-10-12,2.4474362568982473,3.2959729386359076,3.972515032554596
2024-10-13,2.3664529933058596,3.2756563225282087,3.885154004917724
2024-10-14,2.290290532120211,3.2492652008870704,3.812063491478105
2024-10-15,2.717057713137242,3.3313723663281087,4.16852096141919
2024-10-16,2.589698201686626,3.306336904754376,4.082285571185195
2024-10-17,2.46301842778251,3.279177497572914,3.9751790911109044
2024-10-18,2.3585544692525646,3.25254863787554,3.9627286862376923
2024-10-19,2.3158356686791817,3.231064694698375,3.962252912313565
2024-10-20,2.2418939891902396,3.204746440389314,3.9565638181746516
2024-10-21,2.199368756934402,3.214531962163893,4.063602073789065
2024-10-22,2.304918593733014,3.2145912246456434,3.9608996353138664
2024-10-23,2.232918618954642,3.1974155401028597,3.8738511572448138
2024-10-24,2.2337530985985974,3.2262483866106657,3.843374585396594
2024-10-25,2.3165805065052774,3.2023789468972885,3.900868116327112
2024-10-26,2.37261927723533,3.2223912424211636,4.380772420349905
2024-10-27,2.288164780757916,3.2043571852409616,4.335698277601447
2024-10-28,2.254327088374754,3.1810020591054218,4.2870199550847765
2024-10-29,2.3662321515049167,3.169978422838428,4.149889260444583
2024-10-30,2.5926133223447065,3.1655583474847395,4.032519387134617
2024-10-31,2.4641404161085463,3.141086482359393,4.005743305342875
2024-11-01,2.5641004331046253,3.2038071347958588,4.071334460318478
2024-11-02,2.4629522666230503,3.177791648990501,3.9858474105475605
2024-11-03,2.357777152236039,3.1542251096981606,3.8933150469499433
2024-11-04,2.2930987120240682,3.134812687705842,3.87090394370964
2024-11-05,2.276437018833988,3.1277648537632006,3.904720109184174
2024-11-06,2.3150058153052298,3.1053067262042275,4.127906365406862
2024-11-07,3.5623960042853504,3.4581868167054868,5.170430945806803
2024-11-08,3.231311931058747,3.524635183167618,5.084575603514787
2024-11-09,2.9708110966421537,3.507908220491143,4.847058540696763
2024-11-10,2.7537009427524586,3.556140059210065,4.619881749767267
2024-11-11,2.975794676285359,3.535095304534694,4.64843458449625
2024-11-12,4.161244932350196,3.5837758636730594,4.715573947567407
2024-11-13,3.7360780601635466,3.5933969224491378,4.728751299100381
2024-11-14,3.493242154269408,3.570923089405118,4.532744521490043
2024-11-15,3.4169732504444847,3.589060932544678,4.436064531929482
2024-11-16,3.390338444365313,3.563746048186749,4.423759430244277
2024-11-17,3.0991181441858626,3.536030103763245,4.273992428731048
2024-11-18,2.871856213768975,3.516041961747744,4.950847971611831
2024-11-19,2.682290556556014,3.531131885312855,4.713895815197922
2024-11-20,2.5936678771049726,3.5267872465493233,4.513265768192484
2024-11-21,2.5395849212879855,3.5019568969579096,4.351754797577589
2024-11-22,2.7689145541821265,3.675016592023207,4.884338401356607
2024-11-23,2.5955746534285957,3.6463102997193797,4.652966587179428
2024-11-24,2.4976365678481116,3.624303323829393,4.458791324838572
2024-11-25,2.3808856598169124,3.5965523323740536,4.300355860066999
2024-11-26,2.8625267240318575,3.571441446016319,4.719449503207652
2024-11-27,2.7028684949304584,3.559484683027049,4.536088080759041
2024-11-28,2.867598903358901,3.7507867643931068,4.555726701549096
2024-11-29,2.6753767654762775,3.7309552376773056,4.411713972960621
2024-11-30,2.581397327847791,3.6997059071199194,4.299117180629696
2024-12-01,2.476030330611694,3.6908778441858985,4.220715124875157
2024-12-02,2.3753221183711166,3.6598010505773457,4.09089980592996
2024-12-03,2.3451585884082187,3.637914538977239,4.238735275882318
2024-12-04,2.2631372897251274,3.6086287008622326,4.227703724228759
2024-12-05,2.3688034064225216,3.664176144428887,4.150736179538813
2024-12-06,2.407660632157603,3.6351901368361137,4.06929508300622
2024-12-07,2.5401848152628923,3.6651339059598116,3.9755727881463874
2024-12-08,2.4141407651712297,3.6343499073825063,3.886107384323212
2024-12-09,2.3467397584784306,3.603823733570548,3.819105969826383
2024-12-10,2.606316223226518,3.7138268177492533,4.513839548726323
2024-12-11,2.483439930320169,3.697025345779288,4.367019616488017
2024-12-12,2.7683942074259056,3.735357555587614,4.55670745399293
2024-12-13,2.624993101494894,3.7075743534821526,4.373793066294855
2024-12-14,2.513620627071455,3.677375710001271,4.2304037438739615
2024-12-15,2.3942117097429554,3.6498013059680825,4.155552701492451
2024-12-16,2.4627121835715244,3.629867434011262,4.059388467870387
2024-12-17,2.403798884895272,3.6011231558435903,4.079963849837934
2024-12-18,2.3081974329443837,3.588396702889572,4.052067734448294
2024-12-19,2.978716184757792,3.6886071980268795,4.548172735801649
2024-12-20,2.8980948391902035,3.739466477783599,4.7183329573688955
2024-12-21,2.6956298177529656,3.713542643920021,4.5104320891296155
2024-12-22,2.5450852077184316,3.7222755585186618,4.786229213083341
2024-12-23,2.534954939306821,3.6994648933000325,4.573568814453172
2024-12-24,2.4170984252698426,3.7089954185080796,4.620858734188818
2024-12-25,2.655510717575258,3.6890413220550027,4.546564189126965
2024-12-26,2.5087726590000594,3.657968809623346,4.36414355312013
2024-12-27,2.6798274028084172,3.6847844984881575,4.4469441137326156
2024-12-28,2.5941907645004183,3.6537973422859236,4.341040298699792
2024-12-29,2.473654014332008,3.632946389475139,4.507202146029704
2024-12-30,2.4393252375831533,3.6081008364785743,4.410818114773326
2024-12-31,2.362516414994303,3.5778877205621007,4.251744309072244
2025-01-01,2.2878543770278017,3.54948189211352,4.126928570270708
2025-01-02,2.239065709298075,3.5206239803160875,4.062435012108321
2025-01-03,2.3214984791229565,3.5117496069637197,4.412215856326702
2025-01-04,2.2737955156633745,3.5301134531340175,4.447469854760883
2025-01-05,2.2086579257186933,3.5056148925815145,4.284571842238446
2025-01-06,2.159342159747298,3.47771258591565,4.170287558491885
2025-01-07,2.4252871217725844,3.454095743714146,4.101138627731701
2025-01-08,2.897970948111589,3.622987223057966,4.609363896440712
2025-01-09,2.7802758317068137,3.59998379729236,4.475782260219539
2025-01-10,2.7642935011769723,3.5979384251263977,4.720659890521805
2025-01-11,2.6885463551114883,3.572880683143227,4.525629238049616
2025-01-12,2.531394839235288,3.543350917238699,4.346351920564354
2025-01-13,2.4079895068336143,3.5145574766092023,4.194896225372356
2025-01-14,2.3116811187677806,3.5296575735207965,4.173591077979058
2025-01-15,2.3272719018592896,3.5191649357471504,4.106327255462678
2025-01-16,2.5799856787064197,3.605922403089843,4.797877582417045
2025-01-17,2.461726873006035,3.6217774612886346,4.629687233373224
2025-01-18,2.7644534315934677,3.6497422555005676,4.564239958020142
2025-01-19,2.590232892116678,3.6820523213053646,6.673885010089228
2025-01-20,2.686388507758946,3.6739381497702186,6.341571462271874
2025-01-21,2.5403710534064747,3.6536214616484326,6.000307118409246
2025-01-22,2.715165895244885,3.6280202799180445,5.688521479145573
2025-01-23,2.6787818604577383,3.6161946898727098,5.393995548038722
2025-01-24,2.5225249587798664,3.605780417432503,5.111532616460395
2025-01-25,2.4101567783194704,3.577260388364043,4.84672519955803
2025-01-26,2.3144019319205746,3.5473797483761516,4.6270062635165505
2025-01-27,2.341470344703728,3.5343694500504603,4.7884611094492655
2025-01-28,2.2725035671067952,3.5137003059816982,4.6311159235464165
2025-01-29,2.226322234009947,3.5130110584013776,4.553721815582443
2025-01-30,2.2841911491662863,3.486825652843416,4.370404891769082
2025-01-31,2.2336254465768035,3.5032293098535123,4.418370205555012
2025-02-01,2.312731860917023,3.479722595062457,4.360751053590008
2025-02-02,2.3189467754044775,3.534517634216605,4.824767184891121
2025-02-03,2.46348604288265,3.683699994092601,4.846642570818255
2025-02-04,2.6275834383376413,3.65326663203573,4.939966496491448
2025-02-05,2.756259700547952,3.694617825067988,4.87109075515767
2025-02-06,2.6247212112791036,3.671907767244665,4.920850909673112
2025-02-07,2.4802459260751766,3.6749108058541196,4.783703081436155
2025-02-08,2.368164522832194,3.660254657471526,4.5771432569242885
2025-02-09,2.281617991447104,3.6297226513674383,4.512635874881052
2025-02-10,2.2149770292527333,3.599345516843558,4.336112070264275
2025-02-11,2.1805403081582604,3.5726007897428027,4.186580045767932
2025-02-12,2.224680458772832,3.556042701514451,4.078921253441629
2025-02-13,2.27281848966777,3.5890878327418454,3.9762487643354714
2025-02-14,2.256955965017364,3.5727195795790583,3.903537628846671
2025-02-15,2.2100383764311835,3.5510428291249214,3.8978392659193246
2025-02-16,2.1604081794803367,3.525486161867263,3.911293359560606
2025-02-17,2.185066525570932,3.49976155177405,3.9463166499856994
2025-02-18,2.1491766581760574,3.492377634134016,4.237380852208325
2025-02-19,2.1181514724574573,3.4837072278054095,4.361545222412047
2025-02-20,2.1161569150349977,3.4619275740228512,4.207919180854778
2025-02-21,2.1533406817211764,3.4349918929199785,4.232557587140624
2025-02-22,2.258150292762376,3.4312826026070913,4.283635900642147
2025-02-23,2.199325245316538,3.4408079641264275,4.172926187588277
2025-02-24,2.1573242014802436,3.422713565581894,4.11695481746002
2025-02-25,2.7354376852286513,3.7373698580853643,6.335020711484522
2025-02-26,2.75958373773653,3.707680486729045,5.919091419260382
2025-02-27,3.091497934398894,3.7885670604669253,5.883147878466307
2025-02-28,2.8511685819055823,3.7598938704979012,5.5400848765229656
2025-03-01,2.6637175790816525,3.7505650889493842,5.607958924228311
2025-03-02,2.577795166303771,3.7214151435263974,5.352073998170627
2025-03-03,3.805416804776546,4.070464413686798,8.015949220511603
2025-03-04,4.554710362748873,4.584452013042637,9.936338484117591
2025-03-05,4.066988625785393,4.5468215943389385,9.104226295666935
2025-03-06,3.8359572928907544,4.527830140778153,8.351537325269312
2025-03-07,3.466070874830413,4.495343965638487,7.706767279197753
2025-03-08,3.3838024772170976,4.474496175872067,7.1672925108235885
2025-03-09,3.096989125077072,4.451865565525621,6.656521171352315
2025-03-10,3.610611899610985,4.573104546404079,6.619637538374012
2025-03-11,3.3892298670295986,4.660805578595452,6.462790517803609
2025-03-12,3.5255495248115993,4.63828198205503,6.229630259207765
2025-03-13,3.2136336176084104,4.598643090125488,5.820446091606757
2025-03-14,3.144243602112315,4.571087478451851,5.51815911007059
2025-03-15,3.0930318820763,4.5428401497049,5.648432169576056
2025-03-16,2.852633099387492,4.507214834464628,5.334129940554628
2025-03-17,2.7583580412248074,4.482616255151243,5.51177470959547
2025-03-18,2.639872238869631,4.451946638908854,5.210638928287803
2025-03-19,2.55703750034988,4.413433865704014,4.980376630688954
2025-03-20,2.8737010716197897,4.4545863511453065,5.231743245251099
2025-03-21,2.8809836943683074,4.445719241331087,5.273585978376346
2025-03-22,2.6833643119975883,4.408985626448525,4.988482656096853
2025-03-23,2.528866055479142,4.3718233630456576,4.740973797865822
2025-03-24,2.5356606231312786,4.337021062364899,4.611172120259367
2025-03-25,2.4604288524756353,4.324903030241951,4.7352999014666
2025-03-26,2.352531754830733,4.288136732365542,4.558135533215755
2025-03-27,2.2835262589428686,4.269542882884192,4.588709798130929
2025-03-28,2.2167912807723873,4.233068974840429,4.403360665094605
2025-03-29,2.4362105308644018,4.262733132147277,4.678604926945127
2025-03-30,2.4445942970974555,4.255750681285346,4.62050948040782
2025-03-31,2.3444192730303848,4.222298041238038,4.426967844720887
2025-04-01,2.262893680638066,4.187635963802587,4.262915423226089
2025-04-02,2.404324771540911,4.19250215774069,4.144847664603875
2025-04-03,2.551500844953411,4.234922463723107,4.566194118766084
2025-04-04,2.430427727676531,4.200865761747008,4.386089523443465
2025-04-05,2.34124145025874,4.164727546297409,4.433559838037306
2025-04-06,2.2671316538318793,4.129676655663752,4.317048582399409
2025-04-07,3.0948086426641823,4.4880313775659415,5.621388560282392
2025-04-08,2.8769253202987515,4.453282291917329,5.293398139411502
2025-04-09,2.9707290888597355,4.4771016474153855,5.02074528636389
2025-04-10,3.741377345052461,4.742460151110925,5.8815831367864755
2025-04-11,3.5930254818707215,4.86158398801358,5.740477707666791
2025-04-12,3.56807982600615,4.833992432729847,5.786558486772508
2025-04-13,3.305698030753262,4.833233495801162,5.93516709158022
2025-04-14,3.088743247006204,4.798198619485166,5.61515817681727
2025-04-15,2.8529897445082453,4.749543477669437,5.271267682567352
2025-04-16,2.6773257960027514,4.708329392066843,5.025641268233413
2025-04-17,2.5105258787082123,4.658491819052946,4.891416138613743
2025-04-18,2.397278631341876,4.609417944713301,4.686707152830672
2025-04-19,2.3045360999774616,4.5621451857640825,4.4636451841553715
2025-04-20,2.2333980968615945,4.520775968833738,4.438668464661195
2025-04-21,2.1724610092060788,4.481567051698594,4.28141007721948
2025-04-22,2.2981662966478376,4.437842757734849,4.133376593586733
2025-04-23,3.0713158895952604,4.648392124594467,4.6972322491910665
2025-04-24,2.81238103633658,4.6114351426583,4.50537537664884
2025-04-25,2.618994244586678,4.570667370614845,4.327814247245878
2025-04-26,2.4808709682243224,4.527192842204726,4.187020808431595
2025-04-27,2.3670433919557112,4.490978998938083,4.073140408786112
2025-04-28,2.30764973348838,4.453496024463504,3.9693336145723777
2025-04-29,2.2656141580360507,4.4104969920749095,3.876617709576087
2025-04-30,2.2220936735190966,4.367676269635235,3.8112043499850947
2025-05-01,2.1710986978218263,4.325365673288643,3.746864737760826
2025-05-02,2.257133236024079,4.296827542221734,3.7352816122955064
2025-05-03,2.196824888198608,4.25414256373666,3.7284531883662644
2025-05-04,2.186898815313337,4.2117101101027234,3.6818369222425456
2025-05-05,2.224285029117244,4.173351407522378,3.68441584406429
2025-05-06,2.170768116557169,4.129562656426397,3.665079670125593
2025-05-07,2.228556421431287,4.0842455770609405,3.6093845937767406
2025-05-08,2.170573401207172,4.037183045299539,3.560342103648748
2025-05-09,2.915845207126522,4.8003538159930885,4.790140528589308
2025-05-10,2.693416197479423,4.82842059970907,4.791043837721556
2025-05-11,2.5722147512220666,4.966348563165369,4.60349419676935
2025-05-12,2.4474078078148076,4.935259624211131,4.472726230135457
2025-05-13,2.3858466525777104,4.88864154552589,4.291327392733752
2025-05-14,2.3244443212094246,4.940373615435331,4.416524273838487
2025-05-15,2.2624049074408856,4.908819729567869,4.423664375153881
2025-05-16,2.201496565899848,4.876241391811991,4.463623558480659
2025-05-17,2.1596100806835548,4.832785306063965,4.296812149291162
2025-05-18,2.1286020145401436,4.802427039410756,4.156659547704965
2025-05-19,2.310820152943759,4.7626763074701515,4.239810023940058
2025-05-20,2.257383543740116,4.725256239788446,4.289593680672199
2025-05-21,2.216859788775076,4.687161818970558,4.14554729232085
2025-05-22,2.3125029767118925,4.652044043083398,4.105874573778712
2025-05-23,2.2974518220460145,4.646666482932424,4.09630035450051
2025-05-24,2.6094352927248265,4.661626974328194,4.111143930653204
2025-05-25,2.4609841734994506,4.6258722544340145,4.003432567828491
2025-05-26,2.3702285969101826,4.592033565962899,3.9033882266772832
2025-05-27,2.2819733559545425,4.558584227248774,3.823344830985293
2025-05-28,2.222211187480841,4.548339446102581,3.760357353276827
2025-05-29,2.2076591236707714,4.516507283197925,3.794228158778774
2025-05-30,2.271876264802283,4.491163505684039,3.867785017848247
2025-05-31,2.275458137426337,4.487119840414521,4.265470042361115
2025-06-01,2.212413267492596,4.456237171042533,4.110045994322952
2025-06-02,2.1756209882123185,4.426087305655131,3.988053193267058
2025-06-03,2.13163881777466,4.407770898370912,3.889325357272435
2025-06-04,2.1064861771967998,4.379175314086503,3.8193070955440076
2025-06-05,2.095474512570491,4.350802901463467,3.767421804461732
2025-06-06,2.323346673384355,4.4176102220178235,4.1159351982995425
2025-06-07,2.3928860606157762,4.397516828563821,4.0369570831882635
2025-06-08,2.315667368663873,4.374228587995568,3.941878289272482
2025-06-09,2.235023836401856,4.346466385915888,3.864248062227565
2025-06-10,2.5315376695883827,4.384731808699807,4.093599694206222
2025-06-11,2.3999419903335224,4.391048264830952,4.022468006025007
2025-06-12,2.3574973755698903,4.366073733057439,3.9845604549332765
2025-06-13,2.4324822590144235,4.370871743154594,4.192565549177605
2025-06-14,2.3253419708224197,4.355383599838463,4.140287619957849
2025-06-15,2.256631710826609,4.3295443219451135,4.090035539958966
2025-06-16,2.1915318224683222,4.289880143089114,4.251694392971191
2025-06-17,2.166350071812608,4.248928087046385,4.123226168587319
2025-06-18,2.2419677045534327,4.210420106736656,4.0483921557536835
2025-06-19,2.179058721800292,4.1672708200268564,3.9460287421816003
2025-06-20,2.1335587050736793,4.122366443393345,3.848047920749867
2025-06-21,2.149634766789136,4.137797265535635,4.030161663895654
2025-06-22,2.14116139369003,4.149750968226713,4.066462425647985
2025-06-23,2.1484409564876272,4.1333465093559,4.028162621238501
2025-06-24,2.5251955272921007,4.264198300092119,4.781652778116783
2025-06-25,2.3933028597345483,4.225627598209238,4.54484107151012
2025-06-26,2.3187522639565397,4.187638886066353,4.382937794472505
2025-06-27,2.2433390251264917,4.1448553670948565,4.321117683250739
2025-06-28,2.179041817516276,4.100909391177785,4.2069342608090645
2025-06-29,2.129505964483719,4.056102210727197,4.384842785532489
2025-06-30,2.107599543842736,4.027486127073901,4.240447991426156
2025-07-01,2.1171998215084757,3.981294224579789,4.103509141752596
2025-07-02,2.1366476301642123,3.9680960288992138,4.263111765147759
2025-07-03,2.280314819944935,4.050965544780002,4.2274968334144205
2025-07-04,2.210783037090505,4.006544318376946,4.087618273585723
2025-07-05,2.2149157176590557,3.992465805442695,4.07572701342448
2025-07-06,2.153532789017536,3.945613214979335,3.95975158617808
2025-07-07,2.12027313485495,3.9104112638425037,3.934685806573904
2025-07-08,2.1057963391859262,3.8659076568140986,3.8883664031550627
2025-07-09,2.072886764349378,3.8409478466751796,3.8338186383809942
2025-07-10,2.1418087850506966,3.899257570342919,3.8753548491039584
2025-07-11,2.450564773666669,3.9758025588400545,3.9605297877903487
2025-07-12,2.360305332211792,3.930444074189672,3.86681490992723
2025-07-13,2.26559349900792,3.8854202189366145,3.804381844142875
2025-07-14,2.227291890333919,3.840757202574471,3.72532406631099
2025-07-15,2.1663823306242453,3.7974317216411433,3.6597458835306504
2025-07-16,2.2015978267021237,3.8032054751004614,3.6082613416310148
2025-07-17,2.1510502770467395,3.913754012872767,3.909525470354642
2025-07-18,2.103821895860147,3.894785470065577,3.8197418463392814
2025-07-19,2.1036315722377177,3.8612050288827153,3.7386438609341877
2025-07-20,2.0649413410788866,3.8197855960124962,3.6651665008699723
2025-07-21,2.0458280026175335,3.8331088265946085,3.660466247100898
2025-07-22,2.0170909195282003,3.7875577723801235,4.192753997735021
2025-07-23,2.094659841703058,3.7421874247254854,4.260934633494772
2025-07-24,2.0900956587520256,3.733658180546457,4.784587840698493
2025-07-25,2.055174509582499,3.7004377938797526,4.6844915849025766
2025-07-26,2.037061291283197,3.653516592278041,4.501850517444011
2025-07-27,2.006133969443433,3.606103821581424,4.326067194320197
2025-07-28,2.012284607042638,3.6001908456705607,4.198948920261982
2025-07-29,2.0397981954029296,3.5745070139890145,4.180500051572185
2025-07-30,2.0057170333896033,3.526410788123704,4.050140514949576
2025-07-31,1.9788377083595012,3.478022789492654,3.982426320491315
2025-08-01,2.0545935947374225,3.4687331562305044,3.9800012345784577
2025-08-02,2.146931808772813,3.5592162499153224,4.218191822948825
2025-08-03,2.1049190969962255,3.5442508454656334,4.155901916749274
2025-08-04,2.0979956695051416,3.52972313575939,4.061363426451366
2025-08-05,2.056427941037625,3.613493166714616,4.129820024055442
2025-08-06,2.0386323554255883,3.60146576387259,4.111904706870166
2025-08-07,2.0093299250548893,3.5698787977096837,4.03639123484852
2025-08-08,2.0739849710724894,3.6443775782732306,4.0872251213320965
2025-08-09,2.045026160382857,3.6189987823783856,3.965995013091694
2025-08-10,2.00559626123153,3.690265074441467,3.8914215134763426
2025-08-11,2.095239859267307,3.6501425214202188,3.8147386257132476
2025-08-12,2.0525949186096963,3.6112387758107003,3.955934014849724
2025-08-13,2.034789918367939,3.770239885514348,4.633050107506762
2025-08-14,2.1391812693673358,3.762892107010676,4.626321665740647
2025-08-15,2.49521084541173,3.7829680973008792,4.622956104064019
2025-08-16,2.382848507651504,3.762333534194194,4.546238309581818
2025-08-17,2.274905307005694,3.7244207592128187,4.38665402624001
2025-08-18,2.1897691278971134,3.688027701485039,4.22071553812458
2025-08-19,2.1530612518558203,3.6908699394514635,4.271885715113468
2025-08-20,2.313414329897965,3.748447899749352,4.276561039422111
2025-08-21,2.2475112831640467,3.809363988937096,4.472774137561378
2025-08-22,2.2388686553878796,3.791593199849279,4.448566121290908
2025-08-23,2.4576808147879956,4.176917044001812,5.218093948606485
2025-08-24,2.381369514654635,4.1458583851998485,4.934082438188991
2025-08-25,2.347376117993152,4.111413370753709,4.687714760109105
2025-08-26,2.453907837628465,4.243679335247485,5.246806604397211
2025-08-27,2.3737085491603835,4.2571391521207635,5.101549589096536
2025-08-28,2.280347075106859,4.23279018677146,4.919921597787599
2025-08-29,2.217997567647827,4.198438093701486,4.909136954424525
2025-08-30,2.4637933145608035,4.187998280712368,4.841640772097025
2025-08-31,2.345491249262615,4.153771275999117,4.622000645504396
2025-09-01,2.258419321525934,4.119608776018695,4.428919630882803
2025-09-02,2.191144015711187,4.0924939967124425,4.290772779813142
2025-09-03,2.1813420897200504,4.058085212968414,4.463978783476184
2025-09-04,2.1167215965401986,4.0393121053439405,4.284830012104842
2025-09-05,2.0874703745480625,4.0327595838127115,4.296403249388073
2025-09-06,2.038497002505543,3.998017826282517,4.141590688895621
2025-09-07,2.004225552598041,3.964861507488387,4.0417934285817765
2025-09-08,1.981218908387114,3.930395466795746,4.009819904122328
2025-09-09,1.960556364739404,3.8949062472609763,4.02311614050896
2025-09-10,1.9424164052815842,3.859105283133604,3.925306155208906
2025-09-11,2.019376853027633,3.824461749745688,3.913638298810143
2025-09-12,2.013879689133843,3.80267759103702,3.8559767341293756
2025-09-13,1.9759135302192454,3.840035210779275,4.090655035333703
2025-09-14,1.943465380070034,3.8072264758351575,3.9654582448551094
2025-09-15,1.924480964615456,3.775827499760965,3.8726107371790635
2025-09-16,1.8979421684458382,3.7491753402641463,3.8683381525951104
2025-09-17,1.9044674334745244,3.7132881863341147,3.786924216836406
2025-09-18,1.8851460749326048,3.6850433940128537,3.8115940712274874
2025-09-19,1.8665295516251772,3.6474604895083784,3.7379737214553983
2025-09-20,1.899920374242259,3.631515641254806,3.840359449141353
2025-09-21,1.8719719394832657,3.5934171137544713,3.7518506400327247
2025-09-22,1.8548741113968423,3.5567935045661208,3.701052408024461
2025-09-23,1.9889096369814354,3.6233119305724504,4.193694868416649
2025-09-24,1.959141009296472,3.5888155368600634,4.157055861404713
2025-09-25,1.9449671316954062,3.551347747692232,4.029261627639119
2025-09-26,2.2972016203369576,3.667863248137173,4.820787212885809
2025-09-27,2.201325570492613,3.6775725151878484,4.934244009320403
2025-09-28,2.120559665520206,3.642703994188848,4.676023293262103
2025-09-29,2.152643897094624,3.6296154745040288,4.5519936806068975
2025-09-30,2.160590761743208,3.601526862281035,4.360201489003551
2025-10-01,2.0923953757129103,3.5747762518753503,4.239998696877951
2025-10-02,2.3509093339520946,3.6015263622857048,4.412213833891052
2025-10-03,2.2964307173226532,3.590393880644543,4.521871843132363
2025-10-04,2.2299423228955053,3.5550865744397693,4.3377359894591585
2025-10-05,2.1470349644760534,3.5202584621529875,4.227990016977044
2025-10-06,2.0899107565387602,3.484263395518174,4.081366737380608
2025-10-07,2.0464380397337067,3.4873894628419735,3.980295282801758
2025-10-08,2.178621731316347,3.53563895816798,4.180008635384355
2025-10-09,2.1473998830886507,3.507247081178207,4.1706025573482455
2025-10-10,2.1289907336461873,3.511629233096797,4.175045569191522
2025-10-11,3.086830975358827,3.9088335026939305,6.103705638919349
2025-10-12,2.9522592464091573,3.891039656889902,5.9246211162185825
2025-10-13,2.9905643665546044,4.0774535287547895,6.291953322668728
2025-10-14,2.7859261305403153,4.052585653545765,6.008276006002896
2025-10-15,2.6899424206517093,4.0388350728917946,5.645324487554452
2025-10-16,2.626436388818073,4.031891415407011,5.424534612137221
2025-10-17,2.5992666223963474,4.012889882686785,5.29451986928479
2025-10-18,2.515952828563414,3.9877241277844058,4.986686488841825
2025-10-19,2.3935009267642746,3.96076700185635,4.775158541015693
2025-10-20,2.315125514630164,3.9403871960133974,4.51690702452413
2025-10-21,2.2741207571255915,3.909605638884014,4.305944508068331
2025-10-22,2.2771798684870648,3.8943666932030414,4.1875755476561425
2025-10-23,2.2040090639957732,3.870868800556493,4.148039634330323
2025-10-24,2.2198356346176285,3.842643317159124,4.375228588123876
2025-10-25,2.152141677991231,3.819294808326074,4.204890607753956
2025-10-26,2.087775222409987,3.788302780669569,4.056288864399643
2025-10-27,2.1599214941583047,3.8107069517595282,4.026142105424037
2025-10-28,2.095508556380962,3.781790931203154,3.919857876123255
2025-10-29,2.069921189274444,3.777951485327008,3.8916789248655386
2025-10-30,2.190349378205602,3.756539503543612,3.8038959366353087
